Top_Order,TOPLASSN,HemoCELL_Order,FatherSN,Hospital,HospCN,HospCN2,Module,Software,System,Engineer,Instrument,City,Province,Area,Manager,TopStatus,TCAStatus,InstallDate,logReady,SpotLight,TCA_Version,ShtGnd,CSP,short_hosp
1,T19100456,H001,H167000031863001,Zhejiang Cancer Hospital,浙江省肿瘤医院,浙江肿瘤医院,280035,6.4,Win7,Wang Yunjie,TOP1,杭州,浙江,East1,Li Wendong,Active,Active,2020/07/31,Y,N,4.5.0.1,N,V176,H001|浙江省肿瘤医院
2,T19100457,H001,H167000031863001,Zhejiang Cancer Hospital,浙江省肿瘤医院,浙江肿瘤医院,280035,6.3,Win7,Wang Yunjie,TOP2,杭州,浙江,East1,Li Wendong,Active,Active,2020/07/31,Y,N,4.5.0.1,N,V176,H001|浙江省肿瘤医院
3,T15080218,H001,H167000031863001,Zhejiang Cancer Hospital,浙江省肿瘤医院,浙江肿瘤医院,280030,5.4,Win7,Wang Yunjie,TOP3,杭州,浙江,East1,Li Wendong,Active,Active,2015/11/29,Y,N,4.5.0.1,N,V176,H001|浙江省肿瘤医院
4,T15080217,H001,H167000031863001,Zhejiang Cancer Hospital,浙江省肿瘤医院,浙江肿瘤医院,280030,5.4,Win7,Wang Yunjie,TOP4,杭州,浙江,East1,Li Wendong,Active,Active,2015/11/29,Y,N,4.5.0.1,N,V176,H001|浙江省肿瘤医院
5,T15090223,H001,H167000031863001,Zhejiang Cancer Hospital,浙江省肿瘤医院,浙江肿瘤医院,280030,5.4,Win7,Wang Yunjie,TOP5,杭州,浙江,East1,Li Wendong,Active,Active,2015/11/29,Y,N,4.5.0.1,N,V176,H001|浙江省肿瘤医院
6,T15090220,H002,H167000031891302,The First Affiliated Hospital of Zhengzhou University,郑州大学第一附属医院,郑大一附院,280030,5.4,Win7,Liu Pengfei,TOP1,郑州,河南,North,Bi Huijun,Active,Active,2016/01/26,Y,Y,4.5.0.1,N,Refuse,H002|郑州大学第一附属医院
7,T15100229,H002,H167000031891302,The First Affiliated Hospital of Zhengzhou University,郑州大学第一附属医院,郑大一附院,280030,5.4,Win7,Liu Pengfei,TOP2,郑州,河南,North,Bi Huijun,Active,Active,2016/01/26,Y,Y,4.5.0.1,N,Refuse,H002|郑州大学第一附属医院
8,T15070216,H002,H167000031891302,The First Affiliated Hospital of Zhengzhou University,郑州大学第一附属医院,郑大一附院,280030,5.4,Win7,Liu Pengfei,TOP3,郑州,河南,North,Bi Huijun,Active,Active,2016/01/26,Y,Y,4.5.0.1,N,Refuse,H002|郑州大学第一附属医院
9,T15090221,H002,H167000031891302,The First Affiliated Hospital of Zhengzhou University,郑州大学第一附属医院,郑大一附院,280030,5.4,Win7,Liu Pengfei,TOP4,郑州,河南,North,Bi Huijun,Active,Active,2016/01/26,Y,Y,4.5.0.1,N,Refuse,H002|郑州大学第一附属医院
10,T15090222,H002,H167000031891302,The First Affiliated Hospital of Zhengzhou University,郑州大学第一附属医院,郑大一附院,280030,5.4,Win7,Liu Pengfei,TOP5,郑州,河南,North,Bi Huijun,Active,Active,2016/01/26,Y,Y,4.5.0.1,N,Refuse,H002|郑州大学第一附属医院
11,T14060203,H002,H167000031891302,The First Affiliated Hospital of Zhengzhou University,郑州大学第一附属医院,郑大一附院,280030,5.4,Win7,Liu Pengfei,TOP6,郑州,河南,North,Bi Huijun,Active,Active,2016/01/26,Y,Y,4.5.0.1,N,Refuse,H002|郑州大学第一附属医院
12,T15120237,H003,H167000033271603,Zhejiang Xiaoshan Hospital,浙江萧山医院,浙江萧山医院,280030,5.4,Win7,Wang Yunjie,TOP1,杭州,浙江,East1,Li Wendong,Active,Active,2016/03/10,Y,N,4.5.0.1,N,V176,H003|浙江萧山医院
13,T15100230,H003,H167000033271603,Zhejiang Xiaoshan Hospital,浙江萧山医院,浙江萧山医院,280030,5.4,Win7,Wang Yunjie,TOP2,杭州,浙江,East1,Li Wendong,Active,Active,2016/03/10,Y,N,4.5.0.1,N,V176,H003|浙江萧山医院
14,T15120235,H003,H167000033271603,Zhejiang Xiaoshan Hospital,浙江萧山医院,浙江萧山医院,280030,5.4,Win7,Wang Yunjie,TOP3,杭州,浙江,East1,Li Wendong,Active,Active,2016/03/10,Y,N,4.5.0.1,N,V176,H003|浙江萧山医院
15,T16010241,H004,H167000031843504,The Affiliated Hospital of Xuzhou Medical University,徐州医科大学附属医院,徐医大附院,280030,5.4,Win7,Liu Sheng,TOP1,徐州,江苏,East2,Zhang Lei,Active,Inactive,2016/08/15,Y,N,4.7.0.1,Y,V176,H004|徐州医科大学附属医院
16,T16010239,H004,H167000031843504,The Affiliated Hospital of Xuzhou Medical University,徐州医科大学附属医院,徐医大附院,280030,5.4,Win7,Liu Sheng,TOP2,徐州,江苏,East2,Zhang Lei,Active,Inactive,2016/08/15,Y,N,4.7.0.1,Y,V176,H004|徐州医科大学附属医院
17,T16120168J,H004,H167000031843504,The Affiliated Hospital of Xuzhou Medical University,徐州医科大学附属医院,徐医大附院,280030J,5.4,Win7,Liu Sheng,TOP3,徐州,江苏,East2,Zhang Lei,Active,Inactive,2017/09/01,Y,N,4.7.0.1,Y,V176,H004|徐州医科大学附属医院
18,T16020246,H005,H167000036132005,The First Affiliated Hospital of Zhengzhou University (East Area),郑州大学第一附属医院东院区（新院）,郑大一附院东院,280030,5.4,Win7,Jiang Chuanyang,TOP1,郑州,河南,North,Bi Huijun,Active,Active,2016/09/17,Y,Y,4.5.0.1,Y,V176,H005|郑州大学第一附属医院东院区（新院）
19,T16020245,H005,H167000036132005,The First Affiliated Hospital of Zhengzhou University (East Area),郑州大学第一附属医院东院区（新院）,郑大一附院东院,280030,5.4,Win7,Jiang Chuanyang,TOP2,郑州,河南,North,Bi Huijun,Active,Active,2016/09/17,Y,Y,4.5.0.1,Y,V176,H005|郑州大学第一附属医院东院区（新院）
20,T16030249,H005,H167000036132005,The First Affiliated Hospital of Zhengzhou University (East Area),郑州大学第一附属医院东院区（新院）,郑大一附院东院,280030,5.4,Win7,Jiang Chuanyang,TOP3,郑州,河南,North,Bi Huijun,Active,Active,2016/09/17,Y,Y,4.5.0.1,Y,V176,H005|郑州大学第一附属医院东院区（新院）
21,T20030514,H005,H167000036132005,The First Affiliated Hospital of Zhengzhou University (East Area),郑州大学第一附属医院东院区（新院）,郑大一附院东院,280030,5.4,Win7,Jiang Chuanyang,TOP4,郑州,河南,North,Bi Huijun,Active,Active,2020/12/05,Y,Y,4.5.0.1,Y,V176,H005|郑州大学第一附属医院东院区（新院）
22,T15120236,H006,H167000031809806,Peking University Third Hospital,北京大学第三医院,北京大学第三医院,280030,5.4,Win7,Wang Daoqing,TOP1,北京,北京,North,Bi Huijun,Active,Active,2016/10/27,Y,Y,4.5.0.1,Y,V176,H006|北京大学第三医院
23,T15110232,H006,H167000031809806,Peking University Third Hospital,北京大学第三医院,北京大学第三医院,280030,5.4,Win7,Wang Daoqing,TOP2,北京,北京,North,Bi Huijun,Active,Active,2016/10/27,Y,Y,4.5.0.1,N,V176,H006|北京大学第三医院
24,T15120234,H006,H167000031809806,Peking University Third Hospital,北京大学第三医院,北京大学第三医院,280030,5.4,Win7,Wang Daoqing,TOP3,北京,北京,North,Bi Huijun,Active,Active,2016/10/27,Y,Y,4.5.0.1,N,V176,H006|北京大学第三医院
25,T15100231,H006,H167000031809806,Peking University Third Hospital,北京大学第三医院,北京大学第三医院,280030,5.4,Win7,Wang Daoqing,TOP4,北京,北京,North,Bi Huijun,Active,Active,2016/10/27,Y,Y,4.5.0.1,N,V176,H006|北京大学第三医院
26,T15110233,H006,H167000031809806,Peking University Third Hospital,北京大学第三医院,北京大学第三医院,280030,5.4,Win7,Wang Daoqing,TOP5,北京,北京,North,Bi Huijun,Active,Active,2016/10/27,Y,Y,4.5.0.1,N,V176,H006|北京大学第三医院
27,T15090224,H007,H167000033253207,Xin Hua Hospital Affiliated to Shanghai Jiao Tong University School of Medicine,上海交通大学医学院附属新华医院,上海新华医院,280030,5.4,Win7,Zhang Lidan,TOP1,上海,上海,East2,Zhang Lei,Active,Active,2016/11/07,Y,N,4.7.0.1,Y,V176,H007|上海交通大学医学院附属新华医院
28,T15100226,H007,H167000033253207,Xin Hua Hospital Affiliated to Shanghai Jiao Tong University School of Medicine,上海交通大学医学院附属新华医院,上海新华医院,280030,5.4,Win7,Zhang Lidan,TOP2,上海,上海,East2,Zhang Lei,Active,Active,2016/11/07,Y,N,4.7.0.1,Y,V176,H007|上海交通大学医学院附属新华医院
29,T15100227,H007,H167000033253207,Xin Hua Hospital Affiliated to Shanghai Jiao Tong University School of Medicine,上海交通大学医学院附属新华医院,上海新华医院,280030,5.4,Win7,Zhang Lidan,TOP3,上海,上海,East2,Zhang Lei,Active,Active,2016/11/07,Y,N,4.7.0.1,Y,Not Installed,H007|上海交通大学医学院附属新华医院
30,T16030251,H008,H167000031866808,JINHUA MUNICIPAL CENTRAL HOSPITAL,金华市中心医院,金华中心医院,280030,5.4,Win7,Ni Xiaoliang,TOP1,金华,浙江,East1,Li Wendong,Active,Active,2017/02/10,Y,N,4.5.0.1,N,V176,H008|金华市中心医院
31,T16040255,H008,H167000031866808,JINHUA MUNICIPAL CENTRAL HOSPITAL,金华市中心医院,金华中心医院,280030,5.4,Win7,Ni Xiaoliang,TOP2,金华,浙江,East1,Li Wendong,Active,Active,2017/02/10,Y,N,4.5.0.1,N,V176,H008|金华市中心医院
32,T16030254,H008,H167000031866808,JINHUA MUNICIPAL CENTRAL HOSPITAL,金华市中心医院,金华中心医院,280030,5.4,Win7,Ni Xiaoliang,TOP3,金华,浙江,East1,Li Wendong,Active,Active,2017/02/10,Y,N,4.5.0.1,N,V176,H008|金华市中心医院
33,T16120170J,H009,H167000037075609,JIANGXI MATERNAL AND CHILD HEALTH HOSPITAL,江西妇幼保健院,江西妇幼保健院,280030J,5.4,Win7,Kuang Jianxiang,TOP1,南昌,江西,East1,Li Wendong,Active,Inactive,2017/04/12,Y,N,4.5.0.1,N,V176,H009|江西妇幼保健院
34,T16120169J,H009,H167000037075609,JIANGXI MATERNAL AND CHILD HEALTH HOSPITAL,江西妇幼保健院,江西妇幼保健院,280030J,5.4,Win7,Kuang Jianxiang,TOP2,南昌,江西,East1,Li Wendong,Active,Inactive,2017/04/12,Y,N,4.5.0.1,N,V176,H009|江西妇幼保健院
35,T16120167J,H009,H167000037075609,JIANGXI MATERNAL AND CHILD HEALTH HOSPITAL,江西妇幼保健院,江西妇幼保健院,280030J,5.4,Win7,Kuang Jianxiang,TOP3,南昌,江西,East1,Li Wendong,Active,Inactive,2017/04/12,Y,N,4.5.0.1,N,V176,H009|江西妇幼保健院
36,T16050258,H010,H167000037161110,The 1st People's hospital of Wenling,温岭第一人民医院,温岭第一人民医院,280030,5.4,Win7,Lin Sheng,TOP1,台州,浙江,East1,Li Wendong,Active,Active,2017/05/09,Y,N,4.5.0.1,N,Not Installed,H010|温岭第一人民医院
37,T16030247,H010,H167000037161110,The 1st People's hospital of Wenling,温岭第一人民医院,温岭第一人民医院,280030,5.4,Win7,Lin Sheng,TOP2,台州,浙江,East1,Li Wendong,Active,Active,2017/05/09,Y,N,4.5.0.1,N,Not Installed,H010|温岭第一人民医院
38,T16010243,H010,H167000037161110,The 1st People's hospital of Wenling,温岭第一人民医院,温岭第一人民医院,280030,5.4,Win7,Lin Sheng,TOP3,台州,浙江,East1,Li Wendong,Active,Active,2017/05/09,Y,N,4.5.0.1,N,Not Installed,H010|温岭第一人民医院
39,T19100455,H010,H167000037161110,The 1st People's hospital of Wenling,温岭第一人民医院,温岭第一人民医院,280035,6.3,Win7,Lin Sheng,TOP4,台州,浙江,East1,Li Wendong,Active,Active,2017/08/06,Y,N,4.5.0.1,N,Not Installed,H010|温岭第一人民医院
40,T17010267J,H012,H167000032167312,Beijing Civil Aviation Hospital,北京民航医院,北京民航医院,280030J,5.4,Win7,Han Enhua,TOP1,北京,北京,North,Bi Huijun,Inactive,Inactive,2017/06/22,N,N,4.5.0.1,N,V176,H012|北京民航医院
41,T16090143J,H012,H167000032167312,Beijing Civil Aviation Hospital,北京民航医院,北京民航医院,280030J,5.4,Win7,Han Enhua,TOP2,北京,北京,North,Bi Huijun,Inactive,Inactive,2017/06/22,N,N,4.5.0.1,N,V176,H012|北京民航医院
42,T16110154J,H013,H167000037672113,Wenzhou People's HospitalLouqiao,温州人民医院-娄桥,温州人民医院-娄桥,280030J,5.4,Win7,Miao Rengu,TOP1,温州,浙江,East1,Li Wendong,Active,Active,2017/11/14,Y,N,4.3.1,N,Not Installed,H013|温州人民医院-娄桥
43,T16090138J,H013,H167000037672113,Wenzhou People's HospitalLouqiao,温州人民医院-娄桥,温州人民医院-娄桥,280030J,5.4,Win7,Miao Rengu,TOP2,温州,浙江,East1,Li Wendong,Active,Active,2017/11/10,Y,N,4.3.1,N,Not Installed,H013|温州人民医院-娄桥
44,T16050256,H015,H167000032144615,Longhua District People's Hospital,深圳市龙华新区人民医院,深圳龙华医院,280030,5.2,WinXP,Li Minxin,TOPX,深圳,广东,South,Huang xinkao,Inactive,Inactive,2018/04/27,N,N,4.5.0.1,Y,CSP239,H015|深圳市龙华新区人民医院
45,T16050257,H015,H167000032144615,Longhua District People's Hospital,深圳市龙华新区人民医院,深圳龙华医院,280030,5.2,WinXP,Li Minxin,TOPX,深圳,广东,South,Huang xinkao,Inactive,Inactive,2018/04/26,N,N,4.5.0.1,Y,CSP239,H015|深圳市龙华新区人民医院
46,T16110151J,H016,H167000031806916,Peking University First Hosp.,北京大学第一医院,北京大学第一医院,280030J,5.4,Win7,Jiao Shiqiang,TOP1,北京,北京,North,Bi Huijun,Active,Active,2017/12/15,Y,N,4.5.0.1,N,V176,H016|北京大学第一医院
47,T16110157J,H016,H167000031806916,Peking University First Hosp.,北京大学第一医院,北京大学第一医院,280030J,5.4,Win7,Jiao Shiqiang,TOP2,北京,北京,North,Bi Huijun,Active,Active,2017/12/15,Y,N,4.5.0.1,N,V176,H016|北京大学第一医院
48,T16090144J,H017,H167000033275317,Wenzhou City People's Hosp.,温州市人民医院-新河,温州人民医院-新河,280030J,5.4,Win7,Miao Rengu,TOP1,温州,浙江,East1,Li Wendong,Active,Active,2017/12/18,Y,N,4.7.0.1,N,Not Installed,H017|温州市人民医院-新河
49,T16090139J,H017,H167000033275317,Wenzhou City People's Hosp.,温州市人民医院-新河,温州人民医院-新河,280030J,5.4,Win7,Miao Rengu,TOP2,温州,浙江,East1,Li Wendong,Active,Active,2017/12/18,Y,N,4.7.0.1,N,Not Installed,H017|温州市人民医院-新河
50,T17080288,H018,H167000032168418,"Ministry of Health, Beijing Hosp.",北京医院,北京医院,280030,5.4,Win7,Dong Baojun,TOP1,北京,北京,North,Bi Huijun,Active,Active,2017/12/16,Y,N,4.5.0.1,N,V176,H018|北京医院
51,T17030272,H018,H167000032168418,"Ministry of Health, Beijing Hosp.",北京医院,北京医院,280030,5.4,Win7,Dong Baojun,TOP2,北京,北京,North,Bi Huijun,Active,Active,2017/12/16,Y,N,4.5.0.1,N,V176,H018|北京医院
52,T17060275,H019,H167000032138719,Second Hosp. of Shandong University,山东大学第二医院,山东大学第二医院,280030,5.4,Win7,Deng Jun,TOP1,济南,山东,North,Bi Huijun,Active,Active,2018/02/02,Y,N,4.5.0.1,N,V176,H019|山东大学第二医院
53,T17050273,H019,H167000032138719,Second Hosp. of Shandong University,山东大学第二医院,山东大学第二医院,280030,5.4,Win7,Deng Jun,TOP2,济南,山东,North,Bi Huijun,Active,Active,2018/02/02,Y,N,4.5.0.1,N,V176,H019|山东大学第二医院
54,T17070279,H019,H167000032138719,Second Hosp. of Shandong University,山东大学第二医院,山东大学第二医院,280030,5.4,Win7,Deng Jun,TOP3,济南,山东,North,Bi Huijun,Active,Active,2018/02/02,Y,N,4.5.0.1,N,V176,H019|山东大学第二医院
55,T17020270,H019,H167000032138719,Second Hosp. of Shandong University,山东大学第二医院,山东大学第二医院,280030,5.4,Win7,Deng Jun,TOP4,济南,山东,North,Bi Huijun,Active,Active,2018/02/02,Y,N,4.5.0.1,N,V176,H019|山东大学第二医院
56,T16110155J,H020,H167000031926320,1st Affili. Hosp. of LN MedicalInspection Laboratory,辽宁医学院附属第一医院,锦州医大第一医院,280030J,5.4,Win7,Zu Guoxu,TOP1,锦州,辽宁,West,Ding Chao,Active,Active,2018/03/26,Y,N,4.7.0.1,Y,V176,H020|辽宁医学院附属第一医院
57,T16100146J,H020,H167000031926320,1st Affili. Hosp. of LN MedicalInspection Laboratory,辽宁医学院附属第一医院,锦州医大第一医院,280030J,5.4,Win7,Zu Guoxu,TOP2,锦州,辽宁,West,Ding Chao,Active,Active,2018/03/26,Y,N,4.7.0.1,Y,V176,H020|辽宁医学院附属第一医院
58,T16100145J,H020,H167000031926320,1st Affili. Hosp. of LN MedicalInspection Laboratory,辽宁医学院附属第一医院,锦州医大第一医院,280030J,5.4,Win7,Zu Guoxu,TOP3,锦州,辽宁,West,Ding Chao,Active,Active,2018/03/26,Y,N,4.7.0.1,Y,V176,H020|辽宁医学院附属第一医院
59,T17070284,H021,H167000031850521,Liaocheng People's Hospital,聊城市人民医院,聊城人民医院,280030,5.4,Win7,Guo Bin,TOP1,聊城,山东,North,Bi Huijun,Active,Active,2018/04/18,Y,N,4.5.0.1,N,V176,H021|聊城市人民医院
60,T17070285,H021,H167000031850521,Liaocheng People's Hospital,聊城市人民医院,聊城人民医院,280030,5.4,Win7,Guo Bin,TOP2,聊城,山东,North,Bi Huijun,Active,Active,2018/04/18,Y,N,4.5.0.1,N,V176,H021|聊城市人民医院
61,T16050130J,H021,H167000031850521,Liaocheng People's Hospital,聊城市人民医院,聊城人民医院,280030J,5.4,Win7,Guo Bin,TOP3,聊城,山东,North,Bi Huijun,Active,Active,2018/04/18,Y,N,4.5.0.1,N,V176,H021|聊城市人民医院
62,T17080293,H022,H167000031849222,Qilu Hospital of Shandong University,山东大学齐鲁医院,山东大学齐鲁医院,280030,5.4,Win7,Ji Fuyou,TOP1,济南,山东,North,Bi Huijun,Active,Active,2018/05/02,Y,N,4.5.0.1,N,V176,H022|山东大学齐鲁医院
63,T17080290,H022,H167000031849222,Qilu Hospital of Shandong University,山东大学齐鲁医院,山东大学齐鲁医院,280030,5.4,Win7,Ji Fuyou,TOP2,济南,山东,North,Bi Huijun,Active,Active,2018/05/02,Y,N,4.5.0.1,N,V176,H022|山东大学齐鲁医院
64,T17080292,H022,H167000031849222,Qilu Hospital of Shandong University,山东大学齐鲁医院,山东大学齐鲁医院,280030,5.4,Win7,Ji Fuyou,TOP3,济南,山东,North,Bi Huijun,Active,Active,2018/05/02,Y,N,4.5.0.1,Y,V176,H022|山东大学齐鲁医院
65,T17080287,H022,H167000031849222,Qilu Hospital of Shandong University,山东大学齐鲁医院,山东大学齐鲁医院,280030,5.4,Win7,Ji Fuyou,TOP4,济南,山东,North,Bi Huijun,Active,Active,2018/05/02,Y,N,4.5.0.1,Y,V176,H022|山东大学齐鲁医院
66,T17080297,H023,H167000031885023,Wuhan Asia Heart Hospital,亚洲心脏病医院,武汉亚心医院,280030,5.4,Win7,Liang Hao,TOP1,武汉,湖北,East1,Li Wendong,Active,Active,2018/06/27,Y,N,4.5.0.1,N,V176,H023|亚洲心脏病医院
67,T17080298,H023,H167000031885023,Wuhan Asia Heart Hospital,亚洲心脏病医院,武汉亚心医院,280030,5.4,Win7,Liang Hao,TOP2,武汉,湖北,East1,Li Wendong,Active,Active,2018/06/27,Y,N,4.5.0.1,N,V176,H023|亚洲心脏病医院
68,T17090301,H023,H167000031885023,Wuhan Asia Heart Hospital,亚洲心脏病医院,武汉亚心医院,280030,5.4,Win7,Liang Hao,TOP3,武汉,湖北,East1,Li Wendong,Active,Active,2018/06/27,Y,N,4.5.0.1,N,V176,H023|亚洲心脏病医院
69,T17080300,H023,H167000031885023,Wuhan Asia Heart Hospital,亚洲心脏病医院,武汉亚心医院,280030,5.4,Win7,Liang Hao,TOP4,武汉,湖北,East1,Li Wendong,Active,Active,2018/06/27,Y,N,4.5.0.1,N,V176,H023|亚洲心脏病医院
70,T16050260,H024,H167000031867224,Lishui Central Hospital,丽水中心医院,丽水中心医院,280030,5.4,Win7,Miao Rengu,TOP1,丽水,浙江,East1,Li Wendong,Active,Inactive,2018/06/15,Y,N,4.5.0.1,N,V176,H024|丽水中心医院
71,T16050261,H024,H167000031867224,Lishui Central Hospital,丽水中心医院,丽水中心医院,280030,5.4,Win7,Miao Rengu,TOP2,丽水,浙江,East1,Li Wendong,Active,Inactive,2018/06/15,Y,N,4.5.0.1,N,V176,H024|丽水中心医院
72,T16050259,H024,H167000031867224,Lishui Central Hospital,丽水中心医院,丽水中心医院,280030,5.4,Win7,Miao Rengu,TOP3,丽水,浙江,East1,Li Wendong,Active,Inactive,2018/06/15,Y,N,4.5.0.1,N,V176,H024|丽水中心医院
73,T17100313,H025,H167000035411425,Xinqiao Hospital in Chongqing,重庆新桥医院,重庆新桥医院,280030,5.4,Win7,Liu Lin,TOP1,重庆,重庆,South,Huang xinkao,Active,Active,2019/01/10,Y,N,4.5.0.1,Y,V176,H025|重庆新桥医院
74,T17100315,H025,H167000035411425,Xinqiao Hospital in Chongqing,重庆新桥医院,重庆新桥医院,280030,5.4,Win7,Liu Lin,TOP2,重庆,重庆,South,Huang xinkao,Active,Active,2019/01/10,Y,N,4.5.0.1,Y,V176,H025|重庆新桥医院
75,T17100316,H025,H167000035411425,Xinqiao Hospital in Chongqing,重庆新桥医院,重庆新桥医院,280030,5.4,Win7,Liu Lin,TOP3,重庆,重庆,South,Huang xinkao,Active,Active,2019/01/10,Y,N,4.5.0.1,Y,V176,H025|重庆新桥医院
76,T17100314,H025,H167000035411425,Xinqiao Hospital in Chongqing,重庆新桥医院,重庆新桥医院,280030,5.4,Win7,Liu Lin,TOP4,重庆,重庆,South,Huang xinkao,Active,Active,2019/01/10,Y,N,4.5.0.1,Y,V176,H025|重庆新桥医院
77,T16110153J,H026,H167000037195826,The first people's hospital of liangyungangNew,连云港第一人民医院,连云港第一人民医院,280030J,5.4,Win7,Miao Zilu,TOP1,连云港,江苏,East2,Zhang Lei,Active,Active,2018/08/03,Y,N,4.7.0.1,Y,V176,H026|连云港第一人民医院
78,T16110160J,H026,H167000037195826,The first people's hospital of liangyungangNew,连云港第一人民医院,连云港第一人民医院,280030J,5.4,Win7,Miao Zilu,TOP2,连云港,江苏,East2,Zhang Lei,Active,Active,2018/08/03,Y,N,4.7.0.1,Y,V176,H026|连云港第一人民医院
79,T16050262,H026,H167000037195826,The first people's hospital of liangyungangNew,连云港第一人民医院,连云港第一人民医院,280030,5.4,Win7,Miao Zilu,TOP3,连云港,江苏,East2,Zhang Lei,Active,Active,2018/08/03,Y,N,4.7.0.1,Y,V176,H026|连云港第一人民医院
80,T17080295,H027,H167000037482327,Shandong provincial Hospital  East District,山东省立医院东院,山东省立东院,280030,5.4,Win7,Ji Fuyou,TOP1,济南,山东,North,Bi Huijun,Active,Active,2018/07/13,Y,N,4.5.0.1,Y,V176,H027|山东省立医院东院
81,T16050133J,H027,H167000037482327,Shandong provincial Hospital  East District,山东省立医院东院,山东省立东院,280030J,5.4,Win7,Ji Fuyou,TOP2,济南,山东,North,Bi Huijun,Active,Active,2018/07/13,Y,N,4.5.0.1,Y,V176,H027|山东省立医院东院
82,T16060134J,H027,H167000037482327,Shandong provincial Hospital  East District,山东省立医院东院,山东省立东院,280030J,5.4,Win7,Ji Fuyou,TOP3,济南,山东,North,Bi Huijun,Active,Active,2018/07/13,Y,N,4.5.0.1,N,V176,H027|山东省立医院东院
83,T17080291,H029,H167000037986829,Guangxi zhuang  international Hospital,广西国际壮医医院,广西国际壮医医院,280030,5.4,Win7,Zhang Zhiming,TOP1,南宁,广西壮族自治区,South,Huang xinkao,Active,Inactive,2018/09/01,Y,N,4.5.0.1,Y,V176,H029|广西国际壮医医院
84,T17080296,H029,H167000037986829,Guangxi zhuang  international Hospital,广西国际壮医医院,广西国际壮医医院,280030,5.4,Win7,Zhang Zhiming,TOP2,南宁,广西壮族自治区,South,Huang xinkao,Active,Inactive,2018/09/01,Y,N,4.5.0.1,Y,V176,H029|广西国际壮医医院
85,T17100216,H031,H167000031806631,Anzhen Hospital,首都医科大学附属北京安贞医院,北京安贞医院,280035,6.3,Win7,Jiao Shiqiang,TOP1,北京,北京,North,Bi Huijun,Active,Active,2018/09/25,Y,N,4.5.0.1,N,V176,H031|首都医科大学附属北京安贞医院
86,T18040261,H031,H167000031806631,Anzhen Hospital,首都医科大学附属北京安贞医院,北京安贞医院,280035,6.3,Win7,Jiao Shiqiang,TOP2,北京,北京,North,Bi Huijun,Active,Active,2018/09/25,Y,N,4.5.0.1,N,V176,H031|首都医科大学附属北京安贞医院
87,T18040262,H031,H167000031806631,Anzhen Hospital,首都医科大学附属北京安贞医院,北京安贞医院,280035,6.4.1,Win7,Jiao Shiqiang,TOP3,北京,北京,North,Bi Huijun,Active,Active,2018/09/25,Y,N,4.5.0.1,N,V176,H031|首都医科大学附属北京安贞医院
88,T17090307,H032,H167000031808832,Beijing Tiantan Hosp. affiliatedto Capital Medical University,天坛医院,北京天坛医院,280030,5.4,Win7,Dong Baojun,TOP1,北京,北京,North,Bi Huijun,Active,Active,2018/09/04,Y,N,4.5.0.1,N,V176,H032|天坛医院
89,T17090310,H032,H167000031808832,Beijing Tiantan Hosp. affiliatedto Capital Medical University,天坛医院,北京天坛医院,280030,5.4,Win7,Dong Baojun,TOP2,北京,北京,North,Bi Huijun,Active,Active,2018/09/04,Y,N,4.5.0.1,N,V176,H032|天坛医院
90,T17090308,H032,H167000031808832,Beijing Tiantan Hosp. affiliatedto Capital Medical University,天坛医院,北京天坛医院,280030,5.4,Win7,Dong Baojun,TOP3,北京,北京,North,Bi Huijun,Active,Active,2018/09/04,Y,N,4.5.0.1,N,V176,H032|天坛医院
91,T17080294,H032,H167000031808832,Beijing Tiantan Hosp. affiliatedto Capital Medical University,天坛医院,北京天坛医院,280030,5.4,Win7,Dong Baojun,TOP4,北京,北京,North,Bi Huijun,Active,Active,2018/09/04,Y,N,4.5.0.1,N,V176,H032|天坛医院
92,T18030257,H034,H167000031932634,1st Aff Hosp. of XJ Medical University（Outpatient department）,新疆医科大学第一附属医院（病房）,新疆医大第一医院-病房,280035,6.3,Win7,Yan Junpeng,TOP1,乌鲁木齐,新疆维吾尔自治区,West,Ding Chao,Active,Active,2018/09/25,Y,N,4.5.0.1,Y,V176,H034|新疆医科大学第一附属医院（病房）
93,T17100217,H034,H167000031932634,1st Aff Hosp. of XJ Medical University（Outpatient department）,新疆医科大学第一附属医院（病房）,新疆医大第一医院-病房,280035,6.3,Win7,Yan Junpeng,TOP2,乌鲁木齐,新疆维吾尔自治区,West,Ding Chao,Active,Active,2018/09/25,Y,N,4.5.0.1,Y,V176,H034|新疆医科大学第一附属医院（病房）
94,T17100218,H034,H167000031932634,1st Aff Hosp. of XJ Medical University（Outpatient department）,新疆医科大学第一附属医院（病房）,新疆医大第一医院-病房,280035,6.3,Win7,Yan Junpeng,TOP3,乌鲁木齐,新疆维吾尔自治区,West,Ding Chao,Active,Active,2018/09/25,Y,N,4.5.0.1,Y,V176,H034|新疆医科大学第一附属医院（病房）
95,T16110159J,H035,H167000032303735,Nanjing Jiangning Hospital,南京市江宁医院,南京江宁医院,280030J,5.4,Win7,Ge Qifei,TOP1,南京,江苏,East2,Zhang Lei,Active,Active,2018/09/15,Y,N,4.5.0.1,Y,V176,H035|南京市江宁医院
96,T16110158J,H035,H167000032303735,Nanjing Jiangning Hospital,南京市江宁医院,南京江宁医院,280030J,5.4,Win7,Ge Qifei,TOP2,南京,江苏,East2,Zhang Lei,Active,Active,2018/09/15,Y,N,4.5.0.1,Y,V176,H035|南京市江宁医院
97,T18040275,H036,H167000032169036,Beijing Millennium Monument Hospital,世纪坛医院,北京世纪坛医院,280035,6.3,Win7,Dong Baojun,TOP1,北京,北京,North,Bi Huijun,Active,Active,2018/11/29,Y,N,4.5.0.1,N,Refuse,H036|世纪坛医院
98,T18040274,H036,H167000032169036,Beijing Millennium Monument Hospital,世纪坛医院,北京世纪坛医院,280035,6.3,Win7,Dong Baojun,TOP2,北京,北京,North,Bi Huijun,Active,Active,2018/11/29,Y,N,4.5.0.1,N,Refuse,H036|世纪坛医院
99,T16090142J,H037,H167000031866637,Taizhou Central Hospital,台州市中心医院,台州中心医院,280030J,5.4,Win7,Lin Sheng,TOP1,台州,浙江,East1,Li Wendong,Active,Active,2018/09/25,Y,N,4.5.0.1,N,V176,H037|台州市中心医院
100,T16090137J,H037,H167000031866637,Taizhou Central Hospital,台州市中心医院,台州中心医院,280030J,5.4,Win7,Lin Sheng,TOP2,台州,浙江,East1,Li Wendong,Active,Active,2018/09/25,Y,N,4.5.0.1,N,V176,H037|台州市中心医院
101,T16090136J,H037,H167000031866637,Taizhou Central Hospital,台州市中心医院,台州中心医院,280030J,5.4,Win7,Lin Sheng,TOP3,台州,浙江,East1,Li Wendong,Active,Active,2018/09/25,Y,N,4.5.0.1,N,V176,H037|台州市中心医院
102,T18030258,H038,H167000031932638,1st Aff Hosp. of XJ Medical University（Emergency department）,新疆医科大学第一附属医院（门诊）,新疆医大第一医院-门诊,280035,6.3,Win7,Yan Junpeng,TOP1,乌鲁木齐,新疆维吾尔自治区,West,Ding Chao,Active,Active,2018/10/08,Y,N,4.5.0.1,Y,V176,H038|新疆医科大学第一附属医院（门诊）
103,T18030256,H038,H167000031932638,1st Aff Hosp. of XJ Medical University（Emergency department）,新疆医科大学第一附属医院（门诊）,新疆医大第一医院-门诊,280035,6.3,Win7,Yan Junpeng,TOP2,乌鲁木齐,新疆维吾尔自治区,West,Ding Chao,Active,Active,2018/10/08,Y,N,4.5.0.1,Y,V176,H038|新疆医科大学第一附属医院（门诊）
104,T17100221,H039,H167000031891139,The First Affiliated Hosp. of Henan University of TCM,河南中医药大学第一附属医院,河南中医大第一医院,280035,6.4.1,Win7,Jiang Chuanyang,TOP1,郑州,河南,North,Bi Huijun,Active,Active,2018/11/14,Y,N,4.5.0.1,N,V176,H039|河南中医药大学第一附属医院
105,T17120227,H039,H167000031891139,The First Affiliated Hosp. of Henan University of TCM,河南中医药大学第一附属医院,河南中医大第一医院,280035,6.4.1,Win7,Jiang Chuanyang,TOP2,郑州,河南,North,Bi Huijun,Active,Active,2018/11/14,Y,N,4.5.0.1,N,V176,H039|河南中医药大学第一附属医院
106,T17100222,H039,H167000031891139,The First Affiliated Hosp. of Henan University of TCM,河南中医药大学第一附属医院,河南中医大第一医院,280035,6.4.1,Win7,Jiang Chuanyang,TOP3,郑州,河南,North,Bi Huijun,Active,Active,2018/11/14,Y,N,4.5.0.1,N,V176,H039|河南中医药大学第一附属医院
107,T17100220,H040,H167000034957040,Affiliated Hospital of Zhongshan university,广东中山六院,广东中山六院,280035,6.3,Win7,Jiang Wengui,TOP1,广州,广东,South,Huang xinkao,Active,Active,2018/11/12,Y,N,4.7.0.1,Y,V176,H040|广东中山六院
108,T17100219,H040,H167000034957040,Affiliated Hospital of Zhongshan university,广东中山六院,广东中山六院,280035,6.3,Win7,Jiang Wengui,TOP2,广州,广东,South,Huang xinkao,Active,Active,2018/11/12,Y,N,4.7.0.1,Y,V176,H040|广东中山六院
109,T18050284,H041,H167000033275841,Rooftop People's Hosp.,天台县人民医院新院,天台人民医院新院,280035,6.3,Win7,Lin sheng,TOPAlone,台州,浙江,East1,Li Wendong,Active,Active,2019/04/08,Y,N,4.5.0.1,N,V176,H041|天台县人民医院新院
110,T18050279,H041,H167000033275841,Rooftop People's Hosp.,天台县人民医院新院,天台人民医院新院,280035,6.3,Win7,Lin sheng,TOP2,台州,浙江,East1,Li Wendong,Active,Active,2019/04/08,Y,N,4.5.0.1,N,V176,H041|天台县人民医院新院
111,T18050286,H041,H167000033275841,Rooftop People's Hosp.,天台县人民医院新院,天台人民医院新院,280035,6.3,Win7,Lin sheng,TOP3,台州,浙江,East1,Li Wendong,Active,Active,2019/04/08,Y,N,4.5.0.1,N,V176,H041|天台县人民医院新院
112,T16110150J,H042,H167000032518242,The 2nd Affiliated Hosp. of Wenzhou Central Hosp.,温州中心医院第二附属医院,温州中心二附院,280030J,5.4,Win7,Miao Rengu,TOP1,温州,浙江,East1,Li Wendong,Active,Active,2019/01/25,Y,N,4.7.0.1,N,Not Installed,H042|温州中心医院第二附属医院
113,T16010242,H042,H167000032518242,The 2nd Affiliated Hosp. of Wenzhou Central Hosp.,温州中心医院第二附属医院,温州中心二附院,280030,5.4,Win7,Miao Rengu,TOP2,温州,浙江,East1,Li Wendong,Active,Active,2019/01/25,Y,N,4.7.0.1,N,Not Installed,H042|温州中心医院第二附属医院
114,T16120172J,H043,H167000038158043,Shanghai oriental hospital south district,上海东方医院南区,上海东方医院南区,280030J,5.4,Win7,Wang Chenfeng,TOP1,上海,上海,East2,Zhang Lei,Active,Active,2018/07/31,Y,N,4.3.1,Y,V176,H043|上海东方医院南区
115,T16120173J,H043,H167000038158043,Shanghai oriental hospital south district,上海东方医院南区,上海东方医院南区,280030J,5.4,Win7,Wang Chenfeng,TOP2,上海,上海,East2,Zhang Lei,Active,Active,2018/07/31,Y,N,4.3.1,Y,V176,H043|上海东方医院南区
116,T16110164J,H043,H167000038158043,Shanghai oriental hospital south district,上海东方医院南区,上海东方医院南区,280030J,5.4,Win7,Wang Chenfeng,TOP3,上海,上海,East2,Zhang Lei,Active,Active,2019/01/04,Y,N,4.3.1,Y,V176,H043|上海东方医院南区
117,T18030249,H044,H167000038202944,Shuzhou city 9th people's Hospital,苏州市第九人民医院,苏州第九人民医院,280035,6.3,Win7,Zhao Zhiwei,TOP1,苏州,江苏,East2,Zhang Lei,Active,Active,2019/02/18,Y,N,4.3.1,Y,V176,H044|苏州市第九人民医院
118,T18030260,H044,H167000038202944,Shuzhou city 9th people's Hospital,苏州市第九人民医院,苏州第九人民医院,280035,6.3,Win7,Zhao Zhiwei,TOP2,苏州,江苏,East2,Zhang Lei,Active,Active,2019/02/18,Y,N,4.3.1,Y,V176,H044|苏州市第九人民医院
119,T18020248,H044,H167000038202944,Shuzhou city 9th people's Hospital,苏州市第九人民医院,苏州第九人民医院,280035,6.3,Win7,Zhao Zhiwei,TOP3,苏州,江苏,East2,Zhang Lei,Active,Active,2019/02/18,Y,N,4.3.1,Y,V176,H044|苏州市第九人民医院
120,T18060322,H045,H167000031849745,Shandong Provincial Hosp.Main yard,山东省立医院主院区,山东省立医院,280030J,5.4,Win7,Guo Bin,TOP1,济南,山东,North,Bi Huijun,Active,Active,2019/04/08,Y,N,4.5.0.1,N,V176,H045|山东省立医院主院区
121,T18060321,H045,H167000031849745,Shandong Provincial Hosp.Main yard,山东省立医院主院区,山东省立医院,280030J,5.4,Win7,Guo Bin,TOP2,济南,山东,North,Bi Huijun,Active,Active,2019/04/08,Y,N,4.5.0.1,N,V176,H045|山东省立医院主院区
122,T16050131J,H045,H167000031849745,Shandong Provincial Hosp.Main yard,山东省立医院主院区,山东省立医院,280030J,5.4,Win7,Guo Bin,TOP3,济南,山东,North,Bi Huijun,Active,Active,2019/04/08,Y,N,4.5.0.1,N,V176,H045|山东省立医院主院区
123,T16050132J,H045,H167000031849745,Shandong Provincial Hosp.Main yard,山东省立医院主院区,山东省立医院,280030J,5.4,Win7,Guo Bin,TOP4,济南,山东,North,Bi Huijun,Active,Active,2019/04/08,Y,N,4.5.0.1,N,V176,H045|山东省立医院主院区
124,T18060320,H045,H167000031849745,Shandong Provincial Hosp.Main yard,山东省立医院主院区,山东省立医院,280030J,5.4,Win7,Guo Bin,TOP5,济南,山东,North,Bi Huijun,Active,Active,2019/04/08,Y,N,4.5.0.1,N,V176,H045|山东省立医院主院区
125,T18080315,H046,H167000032143846,Xinxiang central Hospital,新乡中心医院,新乡中心医院,280035,6.3,Win7,Zhao dongxu,TOP1,新乡,河南,North,Bi Huijun,Active,Active,2019/04/30,Y,Y,4.4.0.7,N,V176,H046|新乡中心医院
126,T18080316,H046,H167000032143846,Xinxiang central Hospital,新乡中心医院,新乡中心医院,280035,6.3,Win7,Zhao dongxu,TOP2,新乡,河南,North,Bi Huijun,Active,Active,2019/04/30,Y,Y,4.4.0.7,N,V176,H046|新乡中心医院
127,T18080317,H046,H167000032143846,Xinxiang central Hospital,新乡中心医院,新乡中心医院,280035,6.3,Win7,Zhao dongxu,TOP3,新乡,河南,North,Bi Huijun,Active,Active,2019/04/30,Y,Y,4.4.0.7,N,V176,H046|新乡中心医院
128,T18090320,H047,H167000031845647,Anhui Provincial Hospital,安徽省立医院,安徽省立医院,280035,6.3,Win7,Zhang Junjie,TOP1,合肥,安徽,East2,Zhang Lei,Active,Inactive,2019/04/01,Y,N,4.7.0.1,Y,V176,H047|安徽省立医院
129,T18080319,H047,H167000031845647,Anhui Provincial Hospital,安徽省立医院,安徽省立医院,280035,6.3,Win7,Zhang Junjie,TOP2,合肥,安徽,East2,Zhang Lei,Active,Inactive,2019/04/01,Y,N,4.7.0.1,Y,V176,H047|安徽省立医院
130,T18070300,H048,H167000031890948,First People's Hosp. of JingmenCity,荆门市第一人民医院,荆门第一人民医院,280035,6.3,Win7,Liang Hao,TOP1,荆门,湖北,East1,Li Wendong,Active,Active,2019/03/01,Y,N,4.5.0.1,N,Not Installed,H048|荆门市第一人民医院
131,T18080313,H048,H167000031890948,First People's Hosp. of JingmenCity,荆门市第一人民医院,荆门第一人民医院,280035,6.3,Win7,Liang Hao,TOP2,荆门,湖北,East1,Li Wendong,Active,Active,2019/03/01,Y,N,4.5.0.1,N,Not Installed,H048|荆门市第一人民医院
132,T18100337,H048,H167000031890948,First People's Hosp. of JingmenCity,荆门市第一人民医院,荆门第一人民医院,280035,6.3,Win7,Liang Hao,TOP3,荆门,湖北,East1,Li Wendong,Active,Active,2019/09/13,Y,N,4.5.0.1,N,Not Installed,H048|荆门市第一人民医院
133,T18060290,H049,H167000031822749,SinoJapanese Friendship Hospital,吉林大学中日联谊医院,吉林大学中日医院,280035,6.3,Win7,Du Yaoqiang,TOP1,长春,吉林,West,Ding Chao,Active,Active,2019/04/23,Y,N,4.7.0.1,Y,V176,H049|吉林大学中日联谊医院
134,T18060292,H049,H167000031822749,SinoJapanese Friendship Hospital,吉林大学中日联谊医院,吉林大学中日医院,280035,6.3,Win7,Du Yaoqiang,TOP2,长春,吉林,West,Ding Chao,Active,Active,2019/04/23,Y,N,4.7.0.1,Y,V176,H049|吉林大学中日联谊医院
135,T18090322,H050,H167000032272150,Bethune International Peace Hospital,白求恩国际和平医院,河北白求恩和平医院,280035,6.3,Win7,Ma Chaoyang,TOP1,石家庄,河北,North,Bi Huijun,Active,Active,2019/04/30,Y,N,4.5.0.1,N,V176,H050|白求恩国际和平医院
136,T18090321,H050,H167000032272150,Bethune International Peace Hospital,白求恩国际和平医院,河北白求恩和平医院,280035,6.3,Win7,Ma Chaoyang,TOP2,石家庄,河北,North,Bi Huijun,Active,Active,2019/04/30,Y,N,4.5.0.1,N,V176,H050|白求恩国际和平医院
137,T16110152J,H051,H167000034204451,"Affiliated Hosp. of Medical College, Ningbo, Zhejiang Ningbo City",宁波市中医院,宁波中医院,280030J,5.4,Win7,Xu Xuhui,TOP1,宁波,浙江,East1,Li Wendong,Active,Active,2019/05/20,Y,N,4.5.0.1,N,V176,H051|宁波市中医院
138,T16110163J,H051,H167000034204451,"Affiliated Hosp. of Medical College, Ningbo, Zhejiang Ningbo City",宁波市中医院,宁波中医院,280030J,5.4,Win7,Xu Xuhui,TOP2,宁波,浙江,East1,Li Wendong,Active,Active,2019/05/20,Y,N,4.5.0.1,N,V176,H051|宁波市中医院
139,T18050287,H052,H167000031867352,Lishui City People's Hospital,丽水市人民医院,丽水人民医院,280035,6.3,Win7,Lin Sheng,TOP1,丽水,浙江,East1,Li Wendong,Active,Active,2019/06/01,Y,N,4.5.0.1,N,V176,H052|丽水市人民医院
140,T18020247,H052,H167000031867352,Lishui City People's Hospital,丽水市人民医院,丽水人民医院,280035,6.3,Win7,Lin Sheng,TOP2,丽水,浙江,East1,Li Wendong,Active,Active,2019/06/01,Y,N,4.5.0.1,N,V176,H052|丽水市人民医院
141,T18030259,H052,H167000031867352,Lishui City People's Hospital,丽水市人民医院,丽水人民医院,280035,6.3,Win7,Lin Sheng,TOP3,丽水,浙江,East1,Li Wendong,Active,Active,2019/06/01,Y,N,4.5.0.1,N,V176,H052|丽水市人民医院
142,T18070294,H053,H167000033047253,Fourth Affiliated Hosp. of China Medical University,中国医科大学附属第四医院,中国医大第四医院,280035,6.3,Win7,Yang Ming,TOP1,沈阳,辽宁,West,Ding Chao,Active,Active,2019/06/17,Y,N,4.5.0.1,Y,v176,H053|中国医科大学附属第四医院
143,T18060293,H053,H167000033047253,Fourth Affiliated Hosp. of China Medical University,中国医科大学附属第四医院,中国医大第四医院,280035,6.3,Win7,Yang Ming,TOP2,沈阳,辽宁,West,Ding Chao,Active,Active,2019/06/17,Y,N,4.5.0.1,Y,v176,H053|中国医科大学附属第四医院
144,T18070298,H054,H167000031805954,Beijing Cancer Hospital,中国医学科学院肿瘤医院,北京肿瘤医院,280035,6.3,Win7,Han Enhua,TOP1,北京,北京,North,Bi Huijun,Active,Active,2019/06/23,Y,Y,4.5.0.1,N,Refuse,H054|中国医学科学院肿瘤医院
145,T18070295,H054,H167000031805954,Beijing Cancer Hospital,中国医学科学院肿瘤医院,北京肿瘤医院,280035,6.3,Win7,Han Enhua,TOP2,北京,北京,North,Bi Huijun,Active,Active,2019/06/23,Y,Y,4.5.0.1,N,Refuse,H054|中国医学科学院肿瘤医院
146,T18070297,H054,H167000031805954,Beijing Cancer Hospital,中国医学科学院肿瘤医院,北京肿瘤医院,280035,6.3,Win7,Han Enhua,TOP3,北京,北京,North,Bi Huijun,Active,Active,2019/06/23,Y,Y,4.5.0.1,N,Refuse,H054|中国医学科学院肿瘤医院
147,T18070296,H054,H167000031805954,Beijing Cancer Hospital,中国医学科学院肿瘤医院,北京肿瘤医院,280035,6.3,Win7,Han Enhua,TOP4,北京,北京,North,Bi Huijun,Active,Active,2019/06/23,Y,Y,4.5.0.1,N,Refuse,H054|中国医学科学院肿瘤医院
148,T18070301,H054,H167000031805954,Beijing Cancer Hospital,中国医学科学院肿瘤医院,北京肿瘤医院,280035,6.3,Win7,Han Enhua,TOP5,北京,北京,North,Bi Huijun,Active,Active,2019/06/23,Y,Y,4.5.0.1,N,Refuse,H054|中国医学科学院肿瘤医院
149,T18070303,H055,H167000032143955,Third Affiliated Hosp. of Zhengzhou University,郑州大学第三附属医院,郑大三附院,280035,6.3,Win7,Zhao dongxu,TOP1,郑州,河南,North,Bi Huijun,Active,Active,2019/07/01,Y,N,4.7.0.1,N,V176,H055|郑州大学第三附属医院
150,T18070304,H055,H167000032143955,Third Affiliated Hosp. of Zhengzhou University,郑州大学第三附属医院,郑大三附院,280035,6.3,Win7,Zhao dongxu,TOP2,郑州,河南,North,Bi Huijun,Active,Active,2019/07/01,Y,N,4.7.0.1,N,V176,H055|郑州大学第三附属医院
151,T21010742,H055,H167000032143955,Third Affiliated Hosp. of Zhengzhou University,郑州大学第三附属医院,郑大三附院,280035,6.3,Win7,Zhao dongxu,TOP3,郑州,河南,North,Bi Huijun,Active,Active,2021/07/02,Y,N,4.7.0.1,Y,V176,H055|郑州大学第三附属医院
152,T18020246,H056,H167000038857856,Fudan University Shanghai Cancer Center,复旦附属肿瘤医院浦东院区,上海肿瘤浦东院区,280035,6.3,Win7,Wang Chenfeng,TOP1,上海,上海,East2,Zhang Lei,Active,Active,2019/07/31,Y,N,4.7.0.1,Y,V176,H056|复旦附属肿瘤医院浦东院区
153,T18050288,H056,H167000038857856,Fudan University Shanghai Cancer Center,复旦附属肿瘤医院浦东院区,上海肿瘤浦东院区,280035,6.3,Win7,Wang Chenfeng,TOP2,上海,上海,East2,Zhang Lei,Active,Active,2019/07/31,Y,N,4.7.0.1,Y,V176,H056|复旦附属肿瘤医院浦东院区
154,T18070305,H057,H167000031891257,Henan Province Hospital of TCM,河南省中医院,河南省中医院,280035,6.3,Win7,Gao Guanlong,TOP1,郑州,河南,North,Bi Huijun,Active,Inactive,2019/08/15,Y,N,4.5.0.1,N,V176,H057|河南省中医院
155,T18070306,H057,H167000031891257,Henan Province Hospital of TCM,河南省中医院,河南省中医院,280035,6.3,Win7,Gao Guanlong,TOP2,郑州,河南,North,Bi Huijun,Active,Inactive,2019/08/15,Y,N,4.5.0.1,N,V176,H057|河南省中医院
156,T18090324,H057,H167000031891257,Henan Province Hospital of TCM,河南省中医院,河南省中医院,280035,6.3,Win7,Gao Guanlong,TOP3,郑州,河南,North,Bi Huijun,Active,Inactive,2019/08/15,Y,N,4.5.0.1,N,V176,H057|河南省中医院
157,T18090325,H057,H167000031891257,Henan Province Hospital of TCM,河南省中医院,河南省中医院,280035,6.3,Win7,Gao Guanlong,TOP4,郑州,河南,North,Bi Huijun,Active,Inactive,2019/08/15,Y,N,4.5.0.1,N,V176,H057|河南省中医院
158,T18090331,H058,H167000033287158,Affiliated Hospital of Hebei University ,河北大学附属医院,河北大学附属医院,280035,6.3,Win7,Zhang Xing,TOP1,保定,河北,North,Bi Huijun,Active,Active,2019/08/28,Y,N,4.5.0.1,N,V176,H058|河北大学附属医院
159,T18090330,H058,H167000033287158,Affiliated Hospital of Hebei University ,河北大学附属医院,河北大学附属医院,280035,6.3,Win7,Zhang Xing,TOP2,保定,河北,North,Bi Huijun,Active,Active,2019/08/28,Y,N,4.5.0.1,N,V176,H058|河北大学附属医院
160,T18100335,H059,H167000034808659,Enshi Central Hospital,恩施州中心医院,恩施中心医院,280035,6.3,Win7,Lei Jingjing,TOP1,恩施土家族苗族自治州,湖北,East1,Li Wendong,Active,Active,2019/08/26,Y,N,4.5.0.1,N,V176,H059|恩施州中心医院
161,T18090334,H059,H167000034808659,Enshi Central Hospital,恩施州中心医院,恩施中心医院,280035,6.3,Win7,Lei Jingjing,TOP2,恩施土家族苗族自治州,湖北,East1,Li Wendong,Active,Active,2019/08/26,Y,N,4.5.0.1,N,V176,H059|恩施州中心医院
162,T18090332,H059,H167000034808659,Enshi Central Hospital,恩施州中心医院,恩施中心医院,280035,6.3,Win7,Lei Jingjing,TOP3,恩施土家族苗族自治州,湖北,East1,Li Wendong,Active,Active,2019/08/26,Y,N,4.5.0.1,N,V176,H059|恩施州中心医院
163,T19040390,H060,H167000032184560,Jiangxi People's HospitalHonggu Branch,江西省人民医院红谷分院,江西省人民红谷分院,280035,6.3,Win7,He Qingzhuang,TOP1,南昌,江西,East1,Li Wendong,Active,Inactive,2019/12/20,Y,N,4.5.0.1,N,V176,H060|江西省人民医院红谷分院
164,T19040391,H060,H167000032184560,Jiangxi People's HospitalHonggu Branch,江西省人民医院红谷分院,江西省人民红谷分院,280035,6.3,Win7,He Qingzhuang,TOP2,南昌,江西,East1,Li Wendong,Active,Inactive,2019/12/20,Y,N,4.5.0.1,N,V176,H060|江西省人民医院红谷分院
165,T19040392,H060,H167000032184560,Jiangxi People's HospitalHonggu Branch,江西省人民医院红谷分院,江西省人民红谷分院,280035,6.3,Win7,He Qingzhuang,TOP3,南昌,江西,East1,Li Wendong,Active,Inactive,2019/12/20,Y,N,4.5.0.1,N,V176,H060|江西省人民医院红谷分院
166,T20010491,H061,H167000031881061,Changsha 3rd Hospital,长沙市第三医院,长沙第三医院,280035,6.3,Win7,Dai Zhuyong,TOP1,长沙,湖南,East1,Li Wendong,Active,Active,2020/05/19,Y,N,4.5.0.1,N,V176,H061|长沙市第三医院
167,T20010493,H061,H167000031881061,Changsha 3rd Hospital,长沙市第三医院,长沙第三医院,280035,6.3,Win7,Dai Zhuyong,TOP2,长沙,湖南,East1,Li Wendong,Active,Active,2020/05/19,Y,N,4.5.0.1,N,V176,H061|长沙市第三医院
168,T19040393,H062,H167000039123762,Nanchang University First Affiliated Hospital,南昌大学第一附属医院,南昌大学第一附属医院,280035,6.3,Win7,He Qingzhuang,TOP1,南昌,江西,East1,Li Wendong,Active,Active,2020/03/20,Y,Y,4.5.0.1,N,V176,H062|南昌大学第一附属医院
169,T19040394,H062,H167000039123762,Nanchang University First Affiliated Hospital,南昌大学第一附属医院,南昌大学第一附属医院,280035,6.3,Win7,He Qingzhuang,TOP2,南昌,江西,East1,Li Wendong,Active,Active,2020/03/20,Y,Y,4.5.0.1,N,V176,H062|南昌大学第一附属医院
170,T19040395,H062,H167000039123762,Nanchang University First Affiliated Hospital,南昌大学第一附属医院,南昌大学第一附属医院,280035,6.3,Win7,He Qingzhuang,TOP3,南昌,江西,East1,Li Wendong,Active,Active,2020/03/20,Y,Y,4.5.0.1,N,V176,H062|南昌大学第一附属医院
171,T19050396,H062,H167000039123762,Nanchang University First Affiliated Hospital,南昌大学第一附属医院,南昌大学第一附属医院,280035,6.3,Win7,He Qingzhuang,TOP4,南昌,江西,East1,Li Wendong,Active,Active,2020/03/21,Y,Y,4.5.0.1,N,V176,H062|南昌大学第一附属医院
172,T18100347,H063,H167000031807563,Fuwai Hospital,中国医学科学院阜外心血管病医院,北京阜外医院,280035,6.3,Win7,Zhao Yang,TOP1,北京,北京,North,Bi Huijun,Active,Active,2019/11/21,Y,Y,4.5.0.1,N,Refuse,H063|中国医学科学院阜外心血管病医院
173,T20040553,H063,H167000031807563,Fuwai Hospital,中国医学科学院阜外心血管病医院,北京阜外医院,280035,6.3,Win7,Zhao Yang,TOP1,北京,北京,North,Bi Huijun,Active,Active,2020/10/30,Y,Y,4.5.0.1,N,Refuse,H063|中国医学科学院阜外心血管病医院
174,T19010356,H063,H167000031807563,Fuwai Hospital,中国医学科学院阜外心血管病医院,北京阜外医院,280035,6.4,Win7,Zhao Yang,TOP2,北京,北京,North,Bi Huijun,Active,Active,2019/11/21,Y,Y,4.5.0.1,N,Refuse,H063|中国医学科学院阜外心血管病医院
175,T19010358,H064,H167000031850364,Shandong Cancer Hospital,山东省肿瘤防治研究院（山东省肿瘤医院）,山东省肿瘤医院,280035,6.3,Win7,Zhao Haibin,TOP1,济南,山东,North,Bi Huijun,Active,Active,2019/10/25,Y,N,4.5.0.1,N,V176,H064|山东省肿瘤防治研究院（山东省肿瘤医院）
176,T19010360,H064,H167000031850364,Shandong Cancer Hospital,山东省肿瘤防治研究院（山东省肿瘤医院）,山东省肿瘤医院,280035,6.3,Win7,Zhao Haibin,TOP2,济南,山东,North,Bi Huijun,Active,Active,2019/10/25,Y,N,4.5.0.1,N,V176,H064|山东省肿瘤防治研究院（山东省肿瘤医院）
177,T19010361,H064,H167000031850364,Shandong Cancer Hospital,山东省肿瘤防治研究院（山东省肿瘤医院）,山东省肿瘤医院,280035,6.3,Win7,Zhao Haibin,TOP3,济南,山东,North,Bi Huijun,Active,Active,2019/10/25,Y,N,4.5.0.1,N,V176,H064|山东省肿瘤防治研究院（山东省肿瘤医院）
178,T20030516,H064,H167000031850364,Shandong Cancer Hospital,山东省肿瘤防治研究院（山东省肿瘤医院）,山东省肿瘤医院,280035,6.3,Win7,Zhao Haibin,TOPX,济南,山东,North,Bi Huijun,Active,Active,2020/10/16,Y,N,4.5.0.1,N,V176,H064|山东省肿瘤防治研究院（山东省肿瘤医院）
179,T20030517,H064,H167000031850364,Shandong Cancer Hospital,山东省肿瘤防治研究院（山东省肿瘤医院）,山东省肿瘤医院,280035,6.3,Win7,Zhao Haibin,TOPX,济南,山东,North,Bi Huijun,Active,Active,2019/10/25,Y,N,4.5.0.1,N,V176,H064|山东省肿瘤防治研究院（山东省肿瘤医院）
180,T19010357,H065,H167000032145765,Guangxi Baise People‘s Hospital,广西百色市人民医院,百色人民医院,280035,6.3,Win7,Zhang Zhiming,TOP1,百色,广西壮族自治区,South,Huang xinkao,Active,Active,2019/12/04,Y,N,4.5.0.1,Y,V176,H065|广西百色市人民医院
181,T18090323,H065,H167000032145765,Guangxi Baise People‘s Hospital,广西百色市人民医院,百色人民医院,280035,6.3,Win7,Zhang Zhiming,TOP2,百色,广西壮族自治区,South,Huang xinkao,Active,Active,2019/12/04,Y,N,4.5.0.1,Y,V176,H065|广西百色市人民医院
182,T16120165J,H066,H167000033278866,Ningbo Yinzhou Second Hospital,宁波市鄞州泌尿肾病医院,宁波鄞州泌尿肾病医院,280030J,5.4,Win7,Xu Xuhui,TOP1,宁波,浙江,East1,Li Wendong,Active,Active,2019/12/03,Y,N,4.5.0.1,N,V176,H066|宁波市鄞州泌尿肾病医院
183,T16120171J,H066,H167000033278866,Ningbo Yinzhou Second Hospital,宁波市鄞州泌尿肾病医院,宁波鄞州泌尿肾病医院,280030J,5.4,Win7,Xu Xuhui,TOP2,宁波,浙江,East1,Li Wendong,Active,Active,2019/12/03,Y,N,4.5.0.1,N,V176,H066|宁波市鄞州泌尿肾病医院
184,T20030537,H067,H167000031926767,Lanzhou University 2nd Hospital,兰州大学第二医院,兰州大学第二医院,280035,6.3,Win7,Zhai Yuxiang,TOP1,兰州,甘肃,West,Ding Chao,Active,Active,2019/12/24,Y,N,4.5.0.1,Y,v176,H067|兰州大学第二医院
185,T20030538,H067,H167000031926767,Lanzhou University 2nd Hospital,兰州大学第二医院,兰州大学第二医院,280035,6.3,Win7,Zhai Yuxiang,TOP2,兰州,甘肃,West,Ding Chao,Active,Active,2019/12/24,Y,N,4.5.0.1,Y,V176,H067|兰州大学第二医院
186,T19050407,H067,H167000031926767,Lanzhou University 2nd Hospital,兰州大学第二医院,兰州大学第二医院,280035,6.3,Win7,Zhai Yuxiang,TOP3,兰州,甘肃,West,Ding Chao,Active,Active,2019/12/24,Y,N,4.5.0.1,Y,V176,H067|兰州大学第二医院
187,T19050406,H067,H167000031926767,Lanzhou University 2nd Hospital,兰州大学第二医院,兰州大学第二医院,280035,6.3,Win7,Zhai Yuxiang,TOP4,兰州,甘肃,West,Ding Chao,Active,Active,2019/12/24,Y,N,4.5.0.1,Y,V176,H067|兰州大学第二医院
188,T19050398,H067,H167000031926767,Lanzhou University 2nd Hospital,兰州大学第二医院,兰州大学第二医院,280035,6.3,Win7,Zhai Yuxiang,TOP5,兰州,甘肃,West,Ding Chao,Active,Active,2020/07/31,Y,N,4.5.0.1,Y,V176,H067|兰州大学第二医院
189,T19050397,H067,H167000031926767,Lanzhou University 2nd Hospital,兰州大学第二医院,兰州大学第二医院,280035,6.3,Win7,Zhai Yuxiang,TOP6,兰州,甘肃,West,Ding Chao,Active,Active,2020/07/31,Y,N,4.5.0.1,Y,V176,H067|兰州大学第二医院
190,T17090309,H068,H167000031810568,Beijing Geriatric Hospital,北京老年医院,北京老年医院,280030,5.4,Win7,Wang Daoqing,TOP1,北京,北京,North,Bi Huijun,Active,Active,2020/04/08,Y,N,4.5.0.1,N,V176,H068|北京老年医院
191,T15080219,H068,H167000031810568,Beijing Geriatric Hospital,北京老年医院,北京老年医院,280030,5.4,Win7,Wang Daoqing,TOP2,北京,北京,North,Bi Huijun,Active,Active,2020/04/08,Y,N,4.5.0.1,N,V176,H068|北京老年医院
192,T20010482,H069,H167000032131969,HEBEI Medical University 4th Hospital,河北医科大学第四医院(河北省肿瘤医院),河北医大四院-急诊,280035,6.3,Win7,Zhang Xing,TOP1,石家庄,河北,North,Bi Huijun,Active,Active,2020/02/17,Y,N,4.5.0.1,Y,V176,H069|河北医科大学第四医院(河北省肿瘤医院)
193,T19120479,H069,H167000032131969,HEBEI Medical University 4th Hospital,河北医科大学第四医院(河北省肿瘤医院),河北医大四院-急诊,280035,6.3,Win7,Zhang Xing,TOP2,石家庄,河北,North,Bi Huijun,Active,Active,2020/02/17,Y,N,4.5.0.1,Y,V176,H069|河北医科大学第四医院(河北省肿瘤医院)
194,T19120470,H070,H167000035640470,Yunnan Mengzi People’s Hospital,蒙自县人民医院,蒙自人民医院,280035,6.3,Win7,Chen Fei,TOP1,红河哈尼族彝族自治州,云南,South,Huang xinkao,Active,Active,2020/04/20,Y,N,4.5.0.1,Y,V176,H070|蒙自县人民医院
195,T19120477,H070,H167000035640470,Yunnan Mengzi People’s Hospital,蒙自县人民医院,蒙自人民医院,280035,6.3,Win7,Chen Fei,TOP2,红河哈尼族彝族自治州,云南,South,Huang xinkao,Active,Active,2020/04/20,Y,N,4.5.0.1,Y,V176,H070|蒙自县人民医院
196,T20010487,H071,H167000031923171,Zhangjiajie People‘s Hospital,张家界市人民医院(沙堤新院),张家界人民医院-沙堤,280035,6.3,Win7,Dai Zhuyong,TOP1,张家界,湖南,East1,Li Wendong,Active,Active,2020/05/07,Y,N,4.5.0.1,N,V176,H071|张家界市人民医院(沙堤新院)
197,T20010488,H071,H167000031923171,Zhangjiajie People‘s Hospital,张家界市人民医院(沙堤新院),张家界人民医院-沙堤,280035,6.3,Win7,Dai Zhuyong,TOP2,张家界,湖南,East1,Li Wendong,Active,Active,2020/05/07,Y,N,4.5.0.1,N,V176,H071|张家界市人民医院(沙堤新院)
198,T20010489,H072,H167000031850172,Jinan Military General Hosp.,解放军第960医院(济南军区总医院),解放军第960医院,280035,6.3,Win7,Deng Jun,TOP1,济南,山东,North,Bi Huijun,Active,Active,2020/05/11,Y,N,4.5.0.1,Y,Refuse,H072|解放军第960医院(济南军区总医院)
199,T20010490,H072,H167000031850172,Jinan Military General Hosp.,解放军第960医院(济南军区总医院),解放军第960医院,280035,6.3,Win7,Deng Jun,TOP2,济南,山东,North,Bi Huijun,Active,Active,2020/05/11,Y,N,4.5.0.1,Y,Refuse,H072|解放军第960医院(济南军区总医院)
200,T19120480,H073,H167000032507973,Linyi Cancer Hosp. New Branch,临沂市肿瘤医院(新院区),临沂肿瘤医院(新院区),280035,6.3,Win7,Chen Junjie,TOP1,临沂,山东,North,Bi Huijun,Active,Active,2020/05/18,Y,N,4.5.0.1,N,V176,H073|临沂市肿瘤医院(新院区)
201,T19120481,H073,H167000032507973,Linyi Cancer Hosp. New Branch,临沂市肿瘤医院(新院区),临沂肿瘤医院(新院区),280035,6.3,Win7,Chen Junjie,TOP2,临沂,山东,North,Bi Huijun,Active,Active,2020/05/18,Y,N,4.5.0.1,N,V176,H073|临沂市肿瘤医院(新院区)
202,T19050411,H074,H167000031885474,Zhongnan Hospital of Wuhan University,武汉大学中南医院,武汉大学中南医院,280035,6.3,Win7,Lei Jingjing,TOP1,武汉,湖北,East1,Li Wendong,Active,Active,2020/05/25,Y,N,4.5.0.1,N,Not Installed,H074|武汉大学中南医院
203,T19060412,H074,H167000031885474,Zhongnan Hospital of Wuhan University,武汉大学中南医院,武汉大学中南医院,280035,6.3,Win7,Lei Jingjing,TOP2,武汉,湖北,East1,Li Wendong,Active,Active,2020/05/25,Y,N,4.5.0.1,N,Not Installed,H074|武汉大学中南医院
204,T19060413,H074,H167000031885474,Zhongnan Hospital of Wuhan University,武汉大学中南医院,武汉大学中南医院,280035,6.3,Win7,Lei Jingjing,TOP3,武汉,湖北,East1,Li Wendong,Active,Active,2020/05/25,Y,N,4.5.0.1,N,Not Installed,H074|武汉大学中南医院
205,T20010494,H075,H167000034883775,Henan University First Affiliated Hospital,河南大学第一附属医院,河南大学第一医院,280035,6.3,Win7,Gao Guanlong,TOP1,开封,河南,North,Bi Huijun,Active,Active,2020/06/15,Y,N,4.5.0.1,N,Refuse,H075|河南大学第一附属医院
206,T20020495,H075,H167000034883775,Henan University First Affiliated Hospital,河南大学第一附属医院,河南大学第一医院,280035,6.3,Win7,Gao Guanlong,TOP2,开封,河南,North,Bi Huijun,Active,Active,2020/06/15,Y,N,4.5.0.1,N,Refuse,H075|河南大学第一附属医院
207,T20020504,H076,H167000032322676,Mianyang 404 Hospital,绵阳市四零四医院,绵阳404医院,280035,6.3,Win7,Tang Yi,TOP1,绵阳,四川,South,Huang xinkao,Active,Active,2020/07/29,Y,N,4.5.0.1,Y,V176,H076|绵阳市四零四医院
208,T20020500,H076,H167000032322676,Mianyang 404 Hospital,绵阳市四零四医院,绵阳404医院,280035,6.3,Win7,Tang Yi,TOP2,绵阳,四川,South,Huang xinkao,Active,Active,2020/07/29,Y,N,4.5.0.1,Y,V176,H076|绵阳市四零四医院
209,T20020507,H077,H167000031875677,Longyan City Hosp.,龙岩市第一医院,龙岩第一医院,280035,6.3,Win7,Chen Shuisheng,TOP1,龙岩,福建,South,Huang xinkao,Active,Active,2020/08/24,Y,N,4.5.0.1,Y,V176,H077|龙岩市第一医院
210,T20020506,H077,H167000031875677,Longyan City Hosp.,龙岩市第一医院,龙岩第一医院,280035,6.3,Win7,Chen Shuisheng,TOP2,龙岩,福建,South,Huang xinkao,Active,Active,2020/08/24,Y,N,4.5.0.1,Y,V176,H077|龙岩市第一医院
211,T19090447,H078,H167000039088478,Yantai Yantaishan Hosp.,烟台市烟台山医院(东院区),烟台山医院(东院区),280035,6.3,Win7,Chen Junjie,TOP1,烟台,山东,North,Bi Huijun,Active,Active,2020/07/03,Y,N,4.5.0.1,Y,V176,H078|烟台市烟台山医院(东院区)
212,T19100448,H078,H167000039088478,Yantai Yantaishan Hosp.,烟台市烟台山医院(东院区),烟台山医院(东院区),280035,6.3,Win7,Chen Junjie,TOP2,烟台,山东,North,Bi Huijun,Active,Active,2020/07/03,Y,N,4.5.0.1,Y,V176,H078|烟台市烟台山医院(东院区)
213,T19100449,H078,H167000039088478,Yantai Yantaishan Hosp.,烟台市烟台山医院(东院区),烟台山医院(东院区),280035,6.3,Win7,Chen Junjie,TOP3,烟台,山东,North,Bi Huijun,Active,Active,2020/07/03,Y,N,4.5.0.1,Y,V176,H078|烟台市烟台山医院(东院区)
214,T20020510,H079,H167000032131979,Hebei Medical University 4th Hospital（New）,河北医科大学第四医院(河北省肿瘤医院),河北医大四院-病房,280035,6.3,Win7,Zhang Xing,TOP1,石家庄,河北,North,Bi Huijun,Active,Active,2020/08/11,Y,N,4.5.0.1,N,V176,H079|河北医科大学第四医院(河北省肿瘤医院)
215,T20030533,H079,H167000032131979,Hebei Medical University 4th Hospital（New）,河北医科大学第四医院(河北省肿瘤医院),河北医大四院-病房,280035,6.3,Win7,Zhang Xing,TOP2,石家庄,河北,North,Bi Huijun,Active,Active,2020/08/11,Y,N,4.5.0.1,N,V176,H079|河北医科大学第四医院(河北省肿瘤医院)
216,T20020511,H079,H167000032131979,Hebei Medical University 4th Hospital（New）,河北医科大学第四医院(河北省肿瘤医院),河北医大四院-病房,280035,6.3,Win7,Zhang Xing,TOP4,石家庄,河北,North,Bi Huijun,Active,Active,2020/08/11,Y,N,4.5.0.1,N,V176,H079|河北医科大学第四医院(河北省肿瘤医院)
217,T20030544,H080,H167000031889980,Shiyan Taihe Hosp. (Taihe Hos,十堰市太和医院本部,十堰太和医院,280035,6.3,Win7,Liang Hao,TOP1,十堰,湖北,East1,Li Wendong,Active,Active,2020/07/13,Y,N,4.5.0.1,N,V176,H080|十堰市太和医院本部
218,T20040551,H080,H167000031889980,Shiyan Taihe Hosp. (Taihe Hos,十堰市太和医院本部,十堰太和医院,280035,6.3,Win7,Liang Hao,TOP2,十堰,湖北,East1,Li Wendong,Active,Active,2020/07/13,Y,N,4.5.0.1,N,V176,H080|十堰市太和医院本部
219,T20040556,H080,H167000031889980,Shiyan Taihe Hosp. (Taihe Hos,十堰市太和医院本部,十堰太和医院,280035,6.3,Win7,Liang Hao,TOP3,十堰,湖北,East1,Li Wendong,Active,Active,2020/07/13,Y,N,4.5.0.1,N,V176,H080|十堰市太和医院本部
220,T19100450,H081,H167000032217081,Ningbo Minnesota Hosp.,宁波明州医院,宁波明州医院,280035,6.3,Win7,Xu Xuhui,TOP1,宁波,浙江,East1,Li Wendong,Active,Active,2020/08/29,Y,N,4.5.0.1,N,V176,H081|宁波明州医院
221,T19100451,H081,H167000032217081,Ningbo Minnesota Hosp.,宁波明州医院,宁波明州医院,280035,6.3,Win7,Xu Xuhui,TOP2,宁波,浙江,East1,Li Wendong,Active,Active,2020/08/29,Y,N,4.5.0.1,N,V176,H081|宁波明州医院
222,T19100452,H081,H167000032217081,Ningbo Minnesota Hosp.,宁波明州医院,宁波明州医院,280035,6.3,Win7,Xu Xuhui,TOP3,宁波,浙江,East1,Li Wendong,Active,Active,2020/08/29,Y,N,4.5.0.1,N,V176,H081|宁波明州医院
223,T20020508,H082,H167000039184382,"Jingzhou Central Hosp., North",荆州市中心医院(荆北新院),荆州中心医院(荆北新院),280035,6.3,Win7,Lei Jingjing,TOP1,荆州,湖北,East1,Li Wendong,Active,Active,2020/07/20,Y,N,4.5.0.1,N,V176,H082|荆州市中心医院(荆北新院)
224,T20040550,H082,H167000039184382,"Jingzhou Central Hosp., North",荆州市中心医院(荆北新院),荆州中心医院(荆北新院),280035,6.3,Win7,Lei Jingjing,TOP2,荆州,湖北,East1,Li Wendong,Active,Active,2020/07/20,Y,N,4.5.0.1,N,V176,H082|荆州市中心医院(荆北新院)
225,T20010484,H082,H167000039184382,"Jingzhou Central Hosp., North",荆州市中心医院(荆北新院),荆州中心医院(荆北新院),280035,6.3,Win7,Lei Jingjing,TOP3,荆州,湖北,East1,Li Wendong,Active,Active,2020/07/20,Y,N,4.5.0.1,N,V176,H082|荆州市中心医院(荆北新院)
226,T20040549,H083,H167000033042283,Shangqiu First People's Hosp.,商丘市第一人民医院,商丘第一人民医院,280035,6.3,Win7,Jiang Chuanyang,TOP1,商丘,河南,North,Bi Huijun,Inactive,Inactive,2020/07/20,N,N,4.5.0.1,N,V176,H083|商丘市第一人民医院
227,T20040555,H083,H167000033042283,Shangqiu First People's Hosp.,商丘市第一人民医院,商丘第一人民医院,280035,6.3,Win7,Jiang Chuanyang,TOP1,商丘,河南,North,Bi Huijun,Inactive,Inactive,2020/07/20,N,N,4.5.0.1,N,V176,H083|商丘市第一人民医院
228,T20030541,H084,H167000032143384,Anyang Regional Hosp.,濮阳市安阳地区医院,安阳地区医院,280035,6.3,Win7,Gao Guanlong,TOP1,安阳,河南,North,Bi Huijun,Active,Active,2020/07/31,Y,N,4.5.0.1,N,V176,H084|濮阳市安阳地区医院
229,T20030543,H084,H167000032143384,Anyang Regional Hosp.,濮阳市安阳地区医院,安阳地区医院,280035,6.3,Win7,Gao Guanlong,TOP2,安阳,河南,North,Bi Huijun,Active,Active,2020/07/31,Y,N,4.5.0.1,N,V176,H084|濮阳市安阳地区医院
230,T19020372,H085,H167000032130685,Shanxi Bethune Hospital,山西白求恩医院(山西医学科学院),山西白求恩医院,280035,6.3,Win7,Liu Jianwen,TOP1,太原,山西,West,Ding Chao,Active,Active,2020/08/24,Y,N,4.5.0.1,Y,V176,H085|山西白求恩医院(山西医学科学院)
231,T19030383,H085,H167000032130685,Shanxi Bethune Hospital,山西白求恩医院(山西医学科学院),山西白求恩医院,280035,6.3,Win7,Liu Jianwen,TOP2,太原,山西,West,Ding Chao,Active,Active,2020/08/24,Y,N,4.5.0.1,Y,V176,H085|山西白求恩医院(山西医学科学院)
232,T19020371,H085,H167000032130685,Shanxi Bethune Hospital,山西白求恩医院(山西医学科学院),山西白求恩医院,280035,6.3,Win7,Liu Jianwen,TOP3,太原,山西,West,Ding Chao,Active,Active,2020/08/24,Y,N,4.5.0.1,Y,V176,H085|山西白求恩医院(山西医学科学院)
233,T20030535,H086,H167000031855786,2nd Affi. Hosp. of Shandong(Taian）,山东第一医科大学第二附属医院,山东医科大学第二医院,280035,6.3,Win7,Zhao Haibin,TOP1,泰安,山东,North,Bi Huijun,Active,Active,2020/07/24,Y,N,4.5.0.1,Y,V176,H086|山东第一医科大学第二附属医院
234,T20030539,H086,H167000031855786,2nd Affi. Hosp. of Shandong(Taian）,山东第一医科大学第二附属医院,山东医科大学第二医院,280035,6.3,Win7,Zhao Haibin,TOP2,泰安,山东,North,Bi Huijun,Active,Active,2020/07/24,Y,N,4.5.0.1,Y,V176,H086|山东第一医科大学第二附属医院
235,T18040264,H087,H167000031839387,Zhongda Hosp. Southeast Unive,东南大学附属中大医院,东南大学附属中大医院,280035,6.3,Win7,Ge Qifei,TOP1,南京,江苏,East2,Zhang Lei,Active,Inactive,2020/10/20,Y,N,4.5.0.1,Y,V176,H087|东南大学附属中大医院
236,T18040265,H087,H167000031839387,Zhongda Hosp. Southeast Unive,东南大学附属中大医院,东南大学附属中大医院,280035,6.3,Win7,Ge Qifei,TOP2,南京,江苏,East2,Zhang Lei,Active,Inactive,2020/10/20,Y,N,4.5.0.1,Y,V176,H087|东南大学附属中大医院
237,T18040266,H087,H167000031839387,Zhongda Hosp. Southeast Unive,东南大学附属中大医院,东南大学附属中大医院,280035,6.3,Win7,Ge Qifei,TOP3,南京,江苏,East2,Zhang Lei,Active,Inactive,2020/10/20,Y,N,4.5.0.1,Y,V176,H087|东南大学附属中大医院
238,T18050282,H087,H167000031839387,Zhongda Hosp. Southeast Unive,东南大学附属中大医院,东南大学附属中大医院,280035,6.3,Win7,Ge Qifei,TOP4,南京,江苏,East2,Zhang Lei,Active,Inactive,2020/10/20,Y,N,4.5.0.1,Y,V176,H087|东南大学附属中大医院
239,T20030545,H088,H167000039347888,Huzhou Central Hosp.,湖州市中心医院(新院),湖州市中心医院(新院),280035,6.3,Win7,Wang Yunjie,TOP1,湖州,浙江,East1,Li Wendong,Active,Active,2020/08/24,Y,N,4.5.0.1,N,V175,H088|湖州市中心医院(新院)
240,T20040547,H088,H167000039347888,Huzhou Central Hosp.,湖州市中心医院(新院),湖州市中心医院(新院),280035,6.3,Win7,Wang Yunjie,TOP2,湖州,浙江,East1,Li Wendong,Active,Active,2020/08/24,Y,N,4.5.0.1,N,V175,H088|湖州市中心医院(新院)
241,T20040548,H088,H167000039347888,Huzhou Central Hosp.,湖州市中心医院(新院),湖州市中心医院(新院),280035,6.3,Win7,Wang Yunjie,TOP3,湖州,浙江,East1,Li Wendong,Active,Active,2020/08/24,Y,N,4.5.0.1,N,V175,H088|湖州市中心医院(新院)
242,T19090444,H089,H167000031905789,1st Affi. Hosp. of Guangxi,广西医科大学第一附属医院(东院),广西医大第一医院(东院),280035,6.3,Win7,Zhang Zhiming,TOP1,南宁,广西壮族自治区,South,Huang xinkao,Active,Active,2020/09/28,Y,N,4.5.0.1,Y,V176,H089|广西医科大学第一附属医院(东院)
243,T19090445,H089,H167000031905789,1st Affi. Hosp. of Guangxi,广西医科大学第一附属医院(东院),广西医大第一医院(东院),280035,6.3,Win7,Zhang Zhiming,TOP2,南宁,广西壮族自治区,South,Huang xinkao,Active,Active,2020/09/28,Y,N,4.5.0.1,Y,V176,H089|广西医科大学第一附属医院(东院)
244,T20040546,H089,H167000031905789,1st Affi. Hosp. of Guangxi,广西医科大学第一附属医院(东院),广西医大第一医院(东院),280035,6.3,Win7,Zhang Zhiming,TOP3,南宁,广西壮族自治区,South,Huang xinkao,Active,Active,2020/09/28,Y,N,4.5.0.1,Y,V176,H089|广西医科大学第一附属医院(东院)
245,T19060414,H090,H167000032570090,XingHua People's Hosp.Affilia,兴化市人民医院,兴化人民医院,280035,6.3,Win7,Chen Jinlong,TOP1,泰州,江苏,East2,Zhang Lei,Active,Active,2020/08/17,Y,N,4.5.0.1,Y,V176,H090|兴化市人民医院
246,T19060423,H090,H167000032570090,XingHua People's Hosp.Affilia,兴化市人民医院,兴化人民医院,280035,6.3,Win7,Chen Jinlong,TOP2,泰州,江苏,East2,Zhang Lei,Active,Active,2020/08/17,Y,N,4.5.0.1,Y,V176,H090|兴化市人民医院
247,T20030542,H092,H167000039367792,Xiaoxian County People's Hosp,萧县人民医院(新院区),萧县人民医院(新院区),280035,6.3,Win7,Liu Sheng,TOP1,徐州,江苏,East2,Zhang Lei,Active,Inactive,2020/08/31,Y,N,4.5.0.1,Y,V176,H092|萧县人民医院(新院区)
248,T19030380,H092,H167000039367792,Xiaoxian County People's Hosp,萧县人民医院(新院区),萧县人民医院(新院区),280035,6.3,Win7,Liu Sheng,TOP2,徐州,江苏,East2,Zhang Lei,Active,Inactive,2020/08/31,Y,N,4.5.0.1,Y,V176,H092|萧县人民医院(新院区)
249,T20040560,H093,H167000031851893,The People's Hosp. Binzhou,滨州市人民医院,滨州人民医院,280035,6.3,Win7,Deng Jun,TOP1,滨州,山东,North,Bi Huijun,Active,Active,2020/08/31,Y,N,4.5.0.1,Y,V176,H093|滨州市人民医院
250,T20040561,H093,H167000031851893,The People's Hosp. Binzhou,滨州市人民医院,滨州人民医院,280035,6.3,Win7,Deng Jun,TOP2,滨州,山东,North,Bi Huijun,Active,Active,2020/10/22,Y,N,4.5.0.1,Y,V176,H093|滨州市人民医院
251,T19050410,H094,H167000039368794,Jinhua City People's Hosp.,金华市人民医院(新院区),金华人民医院(新院区),280035,6.3,Win7,Ni Xiaoliang,TOP1,金华,浙江,East1,Li Wendong,Active,Active,2020/09/07,Y,N,4.5.0.1,N,V176,H094|金华市人民医院(新院区)
252,T18050281,H094,H167000039368794,Jinhua City People's Hosp.,金华市人民医院(新院区),金华人民医院(新院区),280035,6.3,Win7,Ni Xiaoliang,TOP2,金华,浙江,East1,Li Wendong,Active,Active,2020/09/07,Y,N,4.5.0.1,N,V176,H094|金华市人民医院(新院区)
253,T18050285,H094,H167000039368794,Jinhua City People's Hosp.,金华市人民医院(新院区),金华人民医院(新院区),280035,6.3,Win7,Ni Xiaoliang,TOP3,金华,浙江,East1,Li Wendong,Active,Active,2020/09/07,Y,N,4.5.0.1,N,V176,H094|金华市人民医院(新院区)
254,T20040579,H095,H167000031872595,Second Hosp. of Fuzhou (Fuzho,福州市第二医院(福建省福州中西医结合医院),福州第二医院,280035,6.3,Win7,Chen Shuisheng,TOP1,福州,福建,South,Huang xinkao,Active,Active,2020/09/09,Y,N,4.5.0.1,Y,V175,H095|福州市第二医院(福建省福州中西医结合医院)
255,T20040576,H095,H167000031872595,Second Hosp. of Fuzhou (Fuzho,福州市第二医院(福建省福州中西医结合医院),福州第二医院,280035,6.3,Win7,Chen Shuisheng,TOP2,福州,福建,South,Huang xinkao,Active,Active,2020/09/09,Y,N,4.5.0.1,Y,V175,H095|福州市第二医院(福建省福州中西医结合医院)
256,T20050600,H096,H167000031849296,Qilu Hospital of Shandong University（New）,齐鲁医院（妇儿楼）,山东大学齐鲁医院-妇儿,280035,6.3,Win7,Ji Fuyou,TOP1,济南,山东,North,Bi Huijun,Active,Active,2020/10/16,Y,N,4.5.0.1,N,V176,H096|齐鲁医院（妇儿楼）
257,T20030518,H096,H167000031849296,Qilu Hospital of Shandong University（New）,齐鲁医院（妇儿楼）,山东大学齐鲁医院-妇儿,280035,6.3,Win7,Ji Fuyou,TOP2,济南,山东,North,Bi Huijun,Active,Active,2020/10/16,Y,N,4.5.0.1,Y,V176,H096|齐鲁医院（妇儿楼）
258,T20030515,H096,H167000031849296,Qilu Hospital of Shandong University（New）,齐鲁医院（妇儿楼）,山东大学齐鲁医院-妇儿,280035,6.3,Win7,Ji Fuyou,TOP3,济南,山东,North,Bi Huijun,Active,Active,2020/10/16,Y,N,4.5.0.1,N,V176,H096|齐鲁医院（妇儿楼）
259,T20050612,H097,H167000031931997,Fifth Affiliated Hosp. of Xin,新疆医科大学第五附属医院,新疆医科大学第五医院,280035,6.3,Win7,Yan Junpeng,TOP1,乌鲁木齐,新疆维吾尔自治区,West,Ding Chao,Active,Active,2020/10/20,Y,N,4.5.0.1,Y,V176,H097|新疆医科大学第五附属医院
260,T20050614,H097,H167000031931997,Fifth Affiliated Hosp. of Xin,新疆医科大学第五附属医院,新疆医科大学第五医院,280035,6.3,Win7,Yan Junpeng,TOP2,乌鲁木齐,新疆维吾尔自治区,West,Ding Chao,Active,Active,2020/10/20,Y,N,4.5.0.1,Y,V176,H097|新疆医科大学第五附属医院
261,T20040578,H098,H167000032321498,The first hospital of Lanzhou University,兰州大学附属第一医院,兰州大学第一医院,280035,6.3,Win7,Zhai Yuxiang,TOP1,兰州,甘肃,West,Ding Chao,Active,Active,2020/11/09,Y,N,4.5.0.1,Y,V176,H098|兰州大学附属第一医院
262,T20050622,H098,H167000032321498,The first hospital of Lanzhou University,兰州大学附属第一医院,兰州大学第一医院,280035,6.3,Win7,Zhai Yuxiang,TOP2,兰州,甘肃,West,Ding Chao,Active,Active,2020/11/09,Y,N,4.5.0.1,Y,V176,H098|兰州大学附属第一医院
263,T20050623,H098,H167000032321498,The first hospital of Lanzhou University,兰州大学附属第一医院,兰州大学第一医院,280035,6.3,Win7,Zhai Yuxiang,TOP3,兰州,甘肃,West,Ding Chao,Active,Active,2020/11/09,Y,N,4.5.0.1,Y,V176,H098|兰州大学附属第一医院
264,T20050624,H098,H167000032321498,The first hospital of Lanzhou University,兰州大学附属第一医院,兰州大学第一医院,280035,6.3,Win7,Zhai Yuxiang,TOP4,兰州,甘肃,West,Ding Chao,Active,Active,2020/11/11,Y,N,4.5.0.1,Y,V176,H098|兰州大学附属第一医院
265,T20110357,H098,H167000032321498,The first hospital of Lanzhou University,兰州大学附属第一医院,兰州大学第一医院,280035,6.3,Win7,Zhai Yuxiang,TOPAlone,兰州,甘肃,West,Ding Chao,Active,Active,2021/01/08,Y,N,4.5.0.1,Y,V176,H098|兰州大学附属第一医院
266,T20050618,H099,H167000032817399,Kaiyuan City People's Hosp,开远市人民医院,开远人民医院,280035,6.3,Win7,Chen Fei,TOP1,红河哈尼族彝族自治州,云南,South,Huang xinkao,Active,Active,2020/10/13,Y,N,4.5.0.1,Y,V176,H099|开远市人民医院
267,T20040557,H099,H167000032817399,Kaiyuan City People's Hosp,开远市人民医院,开远人民医院,280035,6.3,Win7,Chen Fei,TOP2,红河哈尼族彝族自治州,云南,South,Huang xinkao,Active,Active,2020/10/13,Y,N,4.5.0.1,Y,V176,H099|开远市人民医院
268,T20040573,H100,H16700321839-100,Xuzhou Medical College,徐州矿物集团总医院,徐州矿物集团总医院,280035,6.3,Win7,Liu Sheng,TOP1,徐州,江苏,East2,Zhang Lei,Active,Active,2020/11/30,Y,N,4.5.0.1,Y,V176,H100|徐州矿物集团总医院
269,T20050620,H100,H16700321839-100,Xuzhou Medical College,徐州矿物集团总医院,徐州矿物集团总医院,280035,6.3,Win7,Liu Sheng,TOP2,徐州,江苏,East2,Zhang Lei,Active,Active,2020/11/30,Y,N,4.5.0.1,Y,V176,H100|徐州矿物集团总医院
270,T20080696,H102,H16700391839-102,Huanggang Central Hospital,黄冈市中心医院,黄冈中心医院,280035,6.3,Win7,Lei Jingjing,TOP1,黄冈,湖北,East1,Li Wendong,Active,Active,2020/11/09,Y,N,4.5.0.1,N,V176,H102|黄冈市中心医院
271,T19050409,H102,H16700391839-102,Huanggang Central Hospital,黄冈市中心医院,黄冈中心医院,280035,6.3,Win7,Lei Jingjing,TOP2,黄冈,湖北,East1,Li Wendong,Active,Active,2020/11/09,Y,N,4.5.0.1,N,V176,H102|黄冈市中心医院
272,T20060638,H103,H16700318436-103,Xuzhou 1st People's Hosp,徐州市第一人民医院,徐州第一人民医院,280035,6.3,Win7,Liu Sheng,TOP1,徐州,江苏,East2,Zhang Lei,Active,Active,2020/11/09,Y,N,4.5.0.1,Y,V176,H103|徐州市第一人民医院
273,T20050629,H103,H16700318436-103,Xuzhou 1st People's Hosp,徐州市第一人民医院,徐州第一人民医院,280035,6.3,Win7,Liu Sheng,TOP2,徐州,江苏,East2,Zhang Lei,Active,Active,2020/11/09,Y,N,4.5.0.1,Y,V176,H103|徐州市第一人民医院
274,T19110468,H104,H16700318007-104,1st Hosp. of HEBMU,河北医科大学第一医院,河北医大一院,280035,6.3,Win7,Zhang Xing,TOP1,石家庄,河北,North,Bi Huijun,Active,Inactive,2020/11/18,Y,N,4.5.0.1,N,V176,H104|河北医科大学第一医院
275,T19120469,H104,H16700318007-104,1st Hosp. of HEBMU,河北医科大学第一医院,河北医大一院,280035,6.3,Win7,Zhang Xing,TOP2,石家庄,河北,North,Bi Huijun,Active,Inactive,2020/11/18,Y,N,4.5.0.1,N,V176,H104|河北医科大学第一医院
276,T19120472,H104,H16700318007-104,1st Hosp. of HEBMU,河北医科大学第一医院,河北医大一院,280035,6.3,Win7,Zhang Xing,TOP3,石家庄,河北,North,Bi Huijun,Active,Inactive,2020/11/18,Y,N,4.5.0.1,N,V176,H104|河北医科大学第一医院
277,T19120473,H105,H16700327499-105,Beijing Chuiyangliu Hospital,北京市垂杨柳医院,北京垂杨柳医院,280035,6.3,Win7,Han Enhua,TOP1,北京,北京,North,Bi Huijun,Active,Active,2020/12/14,Y,N,4.5.0.1,N,Refuse,H105|北京市垂杨柳医院
278,T20030513,H105,H16700327499-105,Beijing Chuiyangliu Hospital,北京市垂杨柳医院,北京垂杨柳医院,280035,6.3,Win7,Han Enhua,TOP2,北京,北京,North,Bi Huijun,Active,Active,2020/12/14,Y,N,4.5.0.1,N,V175,H105|北京市垂杨柳医院
279,T20020512,H106,H16700343508-106,Leping City People's Hospital,乐平市人民医院,乐平人民医院,280035,6.3,Win7,He Qingzhuang,TOP1,景德镇,江西,East1,Li Wendong,Active,Inactive,2020/11/25,Y,N,4.5.0.1,N,Not Installed,H106|乐平市人民医院
280,T20020509,H106,H16700343508-106,Leping City People's Hospital,乐平市人民医院,乐平人民医院,280035,6.3,Win7,He Qingzhuang,TOP2,景德镇,江西,East1,Li Wendong,Active,Inactive,2020/11/25,Y,N,4.5.0.1,N,Not Installed,H106|乐平市人民医院
296,T20030519,H107,H16700319149-107,Fifth People's Hosp. of Panzhihua City,攀枝花市中西医结合医院,攀枝花中西医结合医院,280035,6.3,Win7,Tang Yi,TOP1,攀枝花,四川,South,Huang xinkao,Active,Active,2020/12/15,Y,N,4.5.0.1,N,V176,H107|攀枝花市中西医结合医院
297,T20030522,H107,H16700319149-107,Fifth People's Hosp. of Panzhihua City,攀枝花市中西医结合医院,攀枝花中西医结合医院,280035,6.3,Win7,Tang Yi,TOP2,攀枝花,四川,South,Huang xinkao,Active,Active,2020/12/15,Y,N,4.5.0.1,N,V176,H107|攀枝花市中西医结合医院
283,T20030523,H108,H16700371313-108,Ningbo Medical Center Lihuili,宁波李惠利医院东院,宁波李惠利医院东院,280035,6.3,Win7,Xu Xuhui,TOP1,宁波,浙江,East1,Li Wendong,Active,Active,2020/12/15,Y,N,4.5.0.1,N,Not Installed,H108|宁波李惠利医院东院
284,T20030525,H108,H16700371313-108,Ningbo Medical Center Lihuili,宁波李惠利医院东院,宁波李惠利医院东院,280035,6.3,Win7,Xu Xuhui,TOP2,宁波,浙江,East1,Li Wendong,Active,Active,2020/12/15,Y,N,4.5.0.1,N,Not Installed,H108|宁波李惠利医院东院
285,T20030524,H108,H16700371313-108,Ningbo Medical Center Lihuili,宁波李惠利医院东院,宁波李惠利医院东院,280035,6.3,Win7,Xu Xuhui,TOP3,宁波,浙江,East1,Li Wendong,Active,Active,2020/12/15,Y,N,4.5.0.1,N,Not Installed,H108|宁波李惠利医院东院
286,T20030527,H109,H16700318202-109,CITIC-Xiangya Reproductive,中信湘雅生殖与遗传专科医院,长沙中信湘雅医院,280035,6.3,Win7,Dai Zhuyong,TOP1,长沙,湖南,East1,Li Wendong,Active,Inactive,2020/12/14,Y,N,4.5.0.1,N,V176,H109|中信湘雅生殖与遗传专科医院
287,T20040564,H109,H16700318202-109,CITIC-Xiangya Reproductive,中信湘雅生殖与遗传专科医院,长沙中信湘雅医院,280035,6.3,Win7,Dai Zhuyong,TOP2,长沙,湖南,East1,Li Wendong,Active,Inactive,2020/12/14,Y,N,4.5.0.1,N,V176,H109|中信湘雅生殖与遗传专科医院
288,T20040568,H110,H16700393878-110,Changshu North Hosp,常熟北部医院,常熟北部医院,280035,6.3,Win7,Zhao Zhiwei,TOP1,苏州,江苏,East2,Zhang Lei,Inactive,Inactive,2020/12/23,Y,N,4.5.0.1,N,NA,H110|常熟北部医院
289,T20040569,H110,H16700393878-110,Changshu North Hosp,常熟北部医院,常熟北部医院,280035,6.3,Win7,Zhao Zhiwei,TOP2,苏州,江苏,East2,Zhang Lei,Inactive,Inactive,2020/12/23,Y,N,4.5.0.1,N,NA,H110|常熟北部医院
290,T20040565,H111,H16700318059-111,Cancer Institude & Hosp,中国医学科学院肿瘤医院,北京肿瘤医院2,280035,6.3,Win7,Han Enhua,TOP1,北京,北京,North,Bi Huijun,Inactive,Inactive,2020/12/21,N,N,4.5.0.1,N,NA,H111|中国医学科学院肿瘤医院
291,T20040566,H111,H16700318059-111,Cancer Institude & Hosp,中国医学科学院肿瘤医院,北京肿瘤医院2,280035,6.3,Win7,Han Enhua,TOP2,北京,北京,North,Bi Huijun,Inactive,Inactive,2020/12/21,N,N,4.5.0.1,N,NA,H111|中国医学科学院肿瘤医院
292,T20040567,H111,H16700318059-111,Cancer Institude & Hosp,中国医学科学院肿瘤医院,北京肿瘤医院2,280035,6.3,Win7,Han Enhua,TOP3,北京,北京,North,Bi Huijun,Inactive,Inactive,2020/12/21,N,N,4.5.0.1,N,NA,H111|中国医学科学院肿瘤医院
293,T20040580,H112,H16700321374-112,Suzhou Municipal Hosp. East,苏州市立医院东区,苏州市立医院东区,280035,6.3,Win7,Zhao Zhiwei,TOP1,苏州,江苏,East2,Zhang Lei,Active,Inactive,2020/12/13,Y,N,4.5.0.1,N,V176,H112|苏州市立医院东区
294,T20040586,H112,H16700321374-112,Suzhou Municipal Hosp. East,苏州市立医院东区,苏州市立医院东区,280035,6.3,Win7,Zhao Zhiwei,TOP2,苏州,江苏,East2,Zhang Lei,Active,Inactive,2020/12/13,Y,N,4.5.0.1,N,V176,H112|苏州市立医院东区
295,T20040588,H114,H16700321847-114,Jiujiang University Medical College Hosp,九江学院附属医院(东院),九江学院附属医院(东院),280035,6.3,Win7,He Qingzhuang,TOP1,九江,江西,East1,Li Wendong,Active,Active,2021/01/11,Y,N,4.5.0.1,N,V176,H114|九江学院附属医院(东院)
296,T20040590,H114,H16700321847-114,Jiujiang University Medical College Hosp,九江学院附属医院(东院),九江学院附属医院(东院),280035,6.3,Win7,He Qingzhuang,TOP2,九江,江西,East1,Li Wendong,Active,Active,2021/01/11,Y,N,4.5.0.1,N,V176,H114|九江学院附属医院(东院)
297,T20040591,H115,H16700319286-115,General Hosp. of Ningxia MedicalUniversity,宁夏医科大学总医院,宁夏医科大学总医院,280035,6.3,Win7,Wang Bing,TOP1,银川,宁夏回族自治区,West,Ding Chao,Active,Active,2021/01/19,Y,N,4.5.0.1,Y,Refuse,H115|宁夏医科大学总医院
298,T20040593,H115,H16700319286-115,General Hosp. of Ningxia MedicalUniversity,宁夏医科大学总医院,宁夏医科大学总医院,280035,6.3,Win7,Wang Bing,TOP2,银川,宁夏回族自治区,West,Ding Chao,Active,Active,2021/01/19,Y,N,4.5.0.1,Y,Refuse,H115|宁夏医科大学总医院
299,T20050594,H115,H16700319286-115,General Hosp. of Ningxia MedicalUniversity,宁夏医科大学总医院,宁夏医科大学总医院,280035,6.3,Win7,Wang Bing,TOP3,银川,宁夏回族自治区,West,Ding Chao,Active,Active,2021/01/19,Y,N,4.5.0.1,Y,Refuse,H115|宁夏医科大学总医院
300,T20050595,H115,H16700319286-115,General Hosp. of Ningxia MedicalUniversity,宁夏医科大学总医院,宁夏医科大学总医院,280035,6.3,Win7,Wang Bing,TOP4,银川,宁夏回族自治区,West,Ding Chao,Active,Active,2021/01/19,Y,N,4.5.0.1,Y,Refuse,H115|宁夏医科大学总医院
301,T20050596,H115,H16700319286-115,General Hosp. of Ningxia MedicalUniversity,宁夏医科大学总医院,宁夏医科大学总医院,280035,6.3,Win7,Wang Bing,TOP5,银川,宁夏回族自治区,West,Ding Chao,Active,Active,2021/01/19,Y,N,4.5.0.1,Y,V176,H115|宁夏医科大学总医院
302,T20050597,H115,H16700319286-115,General Hosp. of Ningxia MedicalUniversity,宁夏医科大学总医院,宁夏医科大学总医院,280035,6.3,Win7,Wang Bing,TOP6,银川,宁夏回族自治区,West,Ding Chao,Active,Active,2021/01/19,Y,N,4.5.0.1,Y,V176,H115|宁夏医科大学总医院
303,T20040592,H116,H16700332360-116,Affiliated Cardiovascular and Cerebrovascular Disease Hospital of Ningxia Medical University,宁夏医科大学附属心脑血管病医院,宁夏医科大学心脑分院,280035,6.3,Win7,Wang Bing,TOP1,银川,宁夏回族自治区,West,Ding Chao,Active,NA,2021/03/01,N,N,NA,N,V176,H116|宁夏医科大学附属心脑血管病医院
304,T20050598,H116,H16700332360-116,Affiliated Cardiovascular and Cerebrovascular Disease Hospital of Ningxia Medical University,宁夏医科大学附属心脑血管病医院,宁夏医科大学心脑分院,280035,6.3,Win7,Wang Bing,TOP2,银川,宁夏回族自治区,West,Ding Chao,Active,NA,2021/03/01,N,N,NA,N,V176,H116|宁夏医科大学附属心脑血管病医院
305,T20050601,H117,H16700319200-117,Qujing 1st People's Hosp.,曲靖市第一人民医院,曲靖第一人民医院,280035,6.3,Win7,Chen Fei,TOP1,曲靖,云南,South,Huang xinkao,Inactive,Inactive,2021/03/09,N,N,4.7.0.1,N,V175,H117|曲靖市第一人民医院
306,T20050599,H117,H16700319200-117,Qujing 1st People's Hosp.,曲靖市第一人民医院,曲靖第一人民医院,280035,6.3,Win7,Chen Fei,TOP2,曲靖,云南,South,Huang xinkao,Inactive,Inactive,2021/03/09,N,N,4.7.0.1,N,V175,H117|曲靖市第一人民医院
307,T20050602,H117,H16700319200-117,Qujing 1st People's Hosp.,曲靖市第一人民医院,曲靖第一人民医院,280035,6.3,Win7,Chen Fei,TOP3,曲靖,云南,South,Huang xinkao,Inactive,Inactive,2021/03/09,N,N,4.7.0.1,N,V175,H117|曲靖市第一人民医院
308,T20050603,H118,H16700358259-118,Yecheng County People's Hospi,新疆喀什地区叶城县人民医院,叶城人民医院,280035,6.3,Win7,Yan Junpeng,TOP1,喀什地区,新疆维吾尔自治区,West,Ding Chao,Active,NA,2021/03/18,Y,N,NA,N,V175,H118|新疆喀什地区叶城县人民医院
309,T20050604,H118,H16700358259-118,Yecheng County People's Hospi,新疆喀什地区叶城县人民医院,叶城人民医院,280035,6.3,Win7,Yan Junpeng,TOP2,喀什地区,新疆维吾尔自治区,West,Ding Chao,Active,NA,2021/03/18,Y,N,NA,N,V175,H118|新疆喀什地区叶城县人民医院
310,T20050606,H119,H16700388722-119,Quanzhou City 1st Hosp,泉州市第一人民医院,泉州第一人民医院,280035,6.3,Win7,Chen Shuisheng,TOP1,泉州,福建,South,Huang xinkao,Active,Active,2021/03/30,N,N,4.7.0.1,N,V175,H119|泉州市第一人民医院
311,T20050607,H119,H16700388722-119,Quanzhou City 1st Hosp,泉州市第一人民医院,泉州第一人民医院,280035,6.3,Win7,Chen Shuisheng,TOP2,泉州,福建,South,Huang xinkao,Active,Active,2021/03/30,N,N,4.7.0.1,N,V175,H119|泉州市第一人民医院
312,T20050609,H120,H16700391240-120,Jiangxi MCH New Branch,江西妇幼保健院新院,江西妇幼保健院新院,280035,6.3,Win7,Kuang Jianxiang,TOP1,南昌,江西,East1,Li Wendong,Active,Inactive,2021/04/26,N,N,4.7.0.1,N,V175,H120|江西妇幼保健院新院
313,T20050608,H120,H16700391240-120,Jiangxi MCH New Branch,江西妇幼保健院新院,江西妇幼保健院新院,280035,6.3,Win7,Kuang Jianxiang,TOP2,南昌,江西,East1,Li Wendong,Active,Inactive,2021/04/26,N,N,4.7.0.1,N,V175,H120|江西妇幼保健院新院
314,T20050610,H121,H16700321482-121,Hami Central Hosp,哈密市中心医院,哈密中心医院,280035,6.3,Win7,Yan Junpeng,TOP1,哈密,新疆维吾尔自治区,West,Ding Chao,Active,Active,2021/04/29,N,N,4.7.0.1,N,V175,H121|哈密市中心医院
315,T20050611,H121,H16700321482-121,Hami Central Hosp,哈密市中心医院,哈密中心医院,280035,6.3,Win7,Yan Junpeng,TOP2,哈密,新疆维吾尔自治区,West,Ding Chao,Active,Active,2021/04/29,N,N,4.7.0.1,N,V175,H121|哈密市中心医院
316,T20050613,H122,H16700318015-122,Xingtai City People's Hosp,邢台市人民医院,邢台人民医院,280035,6.3,Win7,Ma Chaoyang,TOP1,邢台,河北,North,Bi Huijun,Active,Active,2021/04/25,N,N,4.7.0.1,N,V175,H122|邢台市人民医院
317,T20050615,H122,H16700318015-122,Xingtai City People's Hosp,邢台市人民医院,邢台人民医院,280035,6.3,Win7,Ma Chaoyang,TOP2,邢台,河北,North,Bi Huijun,Active,Active,2021/04/25,N,N,4.7.0.1,N,V175,H122|邢台市人民医院
318,T20050616,H122,H16700318015-122,Xingtai City People's Hosp,邢台市人民医院,邢台人民医院,280035,6.3,Win7,Ma Chaoyang,TOP3,邢台,河北,North,Bi Huijun,Active,Active,2021/04/25,N,N,4.7.0.1,N,V175,H122|邢台市人民医院
319,T20050617,H122,H16700318015-122,Xingtai City People's Hosp,邢台市人民医院,邢台人民医院,280035,6.3,Win7,Ma Chaoyang,TOP4,邢台,河北,North,Bi Huijun,Active,Active,2021/04/25,N,N,4.7.0.1,N,V175,H122|邢台市人民医院
320,T20060636,H123,h16700332723-123,Yiwu Fuyuan 1st Hosp,义乌復元第一医院,义乌復元第一医院,280035,6.3,Win7,Ni Xiaoliang,TOP1,义乌,浙江,East1,Li Wendong,Active,NA,2021/05/06,N,N,NA,N,V176,H123|义乌復元第一医院
321,T20060634,H123,h16700332723-123,Yiwu Fuyuan 1st Hosp,义乌復元第一医院,义乌復元第一医院,280035,6.3,Win7,Ni Xiaoliang,TOP2,义乌,浙江,East1,Li Wendong,Inactive,NA,2021/05/06,N,N,NA,N,NA,H123|义乌復元第一医院
322,T20050625,H124,H16700380722-124,Jining 1st People's Hosp.East Branch,济宁市第一人民医院东院,济宁第一人民医院东院,280035,6.3,Win7,Zhao Haibin,TOP1,济宁,山东,North,Bi Huijun,Active,Inactive,2021/05/11,N,N,4.7.0.1,N,V175,H124|济宁市第一人民医院东院
323,T20050626,H124,H16700380722-124,Jining 1st People's Hosp.East Branch,济宁市第一人民医院东院,济宁第一人民医院东院,280035,6.3,Win7,Zhao Haibin,TOP2,济宁,山东,North,Bi Huijun,Active,Inactive,2021/05/11,N,N,4.7.0.1,N,V175,H124|济宁市第一人民医院东院
324,T20050627,H124,H16700380722-124,Jining 1st People's Hosp.East Branch,济宁市第一人民医院东院,济宁第一人民医院东院,280035,6.3,Win7,Zhao Haibin,TOP3,济宁,山东,North,Bi Huijun,Active,Inactive,2021/05/11,N,N,4.7.0.1,N,V175,H124|济宁市第一人民医院东院
325,T20050628,H124,H16700380722-124,Jining 1st People's Hosp.East Branch,济宁市第一人民医院东院,济宁第一人民医院东院,280035,6.3,Win7,Zhao Haibin,TOP4,济宁,山东,North,Bi Huijun,Active,Inactive,2021/05/11,N,N,4.7.0.1,N,V175,H124|济宁市第一人民医院东院
326,T20040575,H125,H16700321894-125,Jining 1st People's Hosp,济宁市第一人民医院,济宁第一人民医院,280035,6.3,Win7,Zhao Haibin,TOP1,济宁,山东,North,Bi Huijun,Active,NA,2021/05/30,N,N,NA,N,V176,H125|济宁市第一人民医院
327,T20040577,H125,H16700321894-125,Jining 1st People's Hosp,济宁市第一人民医院,济宁第一人民医院,280035,6.3,Win7,Zhao Haibin,TOP2,济宁,山东,North,Bi Huijun,Active,NA,2021/05/30,N,N,NA,N,V176,H125|济宁市第一人民医院
328,T20050621,H126,H16700391239-126,Jiangxi Children's Hosp,江西省儿童医院(红谷滩院区),江西省儿童医院-红谷滩,280035,6.3,Win7,Kuang Jianxiang,TOP1,南昌,江西,East1,Li Wendong,Inactive,Inactive,2021/05/11,N,N,4.7.0.1,N,V175,H126|江西省儿童医院(红谷滩院区)
329,T20050619,H126,H16700391239-126,Jiangxi Children's Hosp,江西省儿童医院(红谷滩院区),江西省儿童医院-红谷滩,280035,6.3,Win7,Kuang Jianxiang,TOP2,南昌,江西,East1,Li Wendong,Inactive,Inactive,2021/05/11,N,N,4.7.0.1,N,V175,H126|江西省儿童医院(红谷滩院区)
330,T19100453,H127,H16700321372-127,Pukou District Central Hosp,南京市浦口区中心医院,南京浦口中心医院,280035,6.3,Win7,Chen Jinlong,TOP1,南京,江苏,East2,Zhang Lei,Active,NA,2021/05/11,N,N,NA,N,V175,H127|南京市浦口区中心医院
331,T19100454,H127,H16700321372-127,Pukou District Central Hosp,南京市浦口区中心医院,南京浦口中心医院,280035,6.3,Win7,Chen Jinlong,TOP2,南京,江苏,East2,Zhang Lei,Active,NA,2021/05/11,N,N,NA,N,V175,H127|南京市浦口区中心医院
332,T20060632,H128,H16700343657-128,Ning County People's Hospital,宁都县人民医院,宁都县人民医院,280035,6.3,Win7,Kuang Jianxiang,TOP1,赣州,江西,East1,Li Wendong,Active,NA,2021/05/17,N,N,NA,N,V175,H128|宁都县人民医院
333,T20060640,H128,H16700343657-128,Ning County People's Hospital,宁都县人民医院,宁都县人民医院,280035,6.3,Win7,Kuang Jianxiang,TOP2,赣州,江西,East1,Li Wendong,Active,NA,2021/05/17,N,N,NA,N,V175,H128|宁都县人民医院
334,T20050630,H130,H16700318514-130,Zibo City 1st Hosp,淄博市第一医院,淄博第一医院,280035,6.3,Win7,Chen Junjie,TOP1,淄博,山东,North,Bi Huijun,Active,Active,2021/05/31,N,N,4.7.0.1,N,V176,H130|淄博市第一医院
335,T20060637,H130,H16700318514-130,Zibo City 1st Hosp,淄博市第一医院,淄博第一医院,280035,6.3,Win7,Chen Junjie,TOP2,淄博,山东,North,Bi Huijun,Active,Active,2021/05/31,N,N,4.7.0.1,N,V176,H130|淄博市第一医院
336,T20060643,H131,H16700321418-131,XMMC Affi. 2nd Hosp,厦门医学院附属第二医院,厦门医学院第二医院,280035,6.3,Win7,Chen Shuisheng,TOP1,厦门,福建,South,Huang xinkao,Active,NA,2021/05/22,N,N,NA,N,V176,H131|厦门医学院附属第二医院
337,T20060644,H131,H16700321418-131,XMMC Affi. 2nd Hosp,厦门医学院附属第二医院,厦门医学院第二医院,280035,6.3,Win7,Chen Shuisheng,TOP2,厦门,福建,South,Huang xinkao,Active,NA,2021/05/22,N,N,NA,N,V176,H131|厦门医学院附属第二医院
338,T20060647,H132,H16700319189-132,KMU 2nd Affi. Hosp,昆明医科大学第二附属医院,昆明医科大学第二医院,280035,6.3,Win7,Chen Fei,TOP1,昆明,云南,South,Huang xinkao,Inactive,Inactive,2021/05/28,N,N,4.7.0.1,N,V176,H132|昆明医科大学第二附属医院
339,T20060648,H132,H16700319189-132,KMU 2nd Affi. Hosp,昆明医科大学第二附属医院,昆明医科大学第二医院,280035,6.3,Win7,Chen Fei,TOP2,昆明,云南,South,Huang xinkao,Inactive,Inactive,2021/05/28,N,N,4.7.0.1,N,V176,H132|昆明医科大学第二附属医院
340,T20060649,H132,H16700319189-132,KMU 2nd Affi. Hosp,昆明医科大学第二附属医院,昆明医科大学第二医院,280035,6.3,Win7,Chen Fei,TOP3,昆明,云南,South,Huang xinkao,Inactive,Inactive,2021/05/28,N,N,4.7.0.1,N,V176,H132|昆明医科大学第二附属医院
341,T20060650,H132,H16700319189-132,KMU 2nd Affi. Hosp,昆明医科大学第二附属医院,昆明医科大学第二医院,280035,6.3,Win7,Chen Fei,TOP4,昆明,云南,South,Huang xinkao,Inactive,Inactive,2021/05/28,N,N,4.7.0.1,N,V176,H132|昆明医科大学第二附属医院
342,T20060645,H133,H16700318888-133,Ezhou Central Hosp,鄂州市中心医院,鄂州中心医院,280035,6.3,Win7,Liang Hao,TOP1,鄂州,湖北,East1,Li Wendong,Active,Active,2021/06/22,N,N,4.7.0.1,N,V176,H133|鄂州市中心医院
343,T20060646,H133,H16700318888-133,Ezhou Central Hosp,鄂州市中心医院,鄂州中心医院,280035,6.3,Win7,Liang Hao,TOP2,鄂州,湖北,East1,Li Wendong,Active,Active,2021/06/22,N,N,4.7.0.1,N,V176,H133|鄂州市中心医院
344,T20060651,H135,H16700321479-135,Xianyang Central Hosp,咸阳市中心医院,咸阳中心医院,280035,6.3,Win7,Xu Weiping,TOP1,咸阳,陕西,West,Ding Chao,Active,Active,2021/06/07,N,N,4.7.0.1,N,V176,H135|咸阳市中心医院
345,T20060652,H135,H16700321479-135,Xianyang Central Hosp,咸阳市中心医院,咸阳中心医院,280035,6.3,Win7,Xu Weiping,TOP2,咸阳,陕西,West,Ding Chao,Active,Active,2021/06/07,N,N,4.7.0.1,N,V176,H135|咸阳市中心医院
346,T20060653,H136,H16700321411-136,Jingdezhen 3rd People's Hosp,景德镇市第三人民医院,景德镇第三人民医院,280035,6.3,Win7,Kuang Jianxiang,TOP1,景德镇,江西,East1,Li Wendong,Active,NA,2021/06/21,N,N,NA,N,V176,H136|景德镇市第三人民医院
347,T20060659,H136,H16700321411-136,Jingdezhen 3rd People's Hosp,景德镇市第三人民医院,景德镇第三人民医院,280035,6.3,Win7,Kuang Jianxiang,TOP2,景德镇,江西,East1,Li Wendong,Active,NA,2021/06/21,N,N,NA,N,V176,H136|景德镇市第三人民医院
348,T20060654,H137,H16700318006-137,HEBMU 3rd Hosp(Zhongshan Branch),河北医科大学第三医院(中山院区),河北医大三院(中山院区),280035,6.3,Win7,Ma Chaoyang,TOP1,石家庄,河北,North,Bi Huijun,Active,Active,2021/07/15,N,N,4.7.0.1,N,V176,H137|河北医科大学第三医院(中山院区)
349,T20060655,H137,H16700318006-137,HEBMU 3rd Hosp(Zhongshan Branch),河北医科大学第三医院(中山院区),河北医大三院(中山院区),280035,6.3,Win7,Ma Chaoyang,TOP2,石家庄,河北,North,Bi Huijun,Active,Active,2021/07/15,N,N,4.7.0.1,N,V176,H137|河北医科大学第三医院(中山院区)
350,T20060656,H137,H16700318006-137,HEBMU 3rd Hosp(Zhongshan Branch),河北医科大学第三医院(中山院区),河北医大三院(中山院区),280035,6.3,Win7,Ma Chaoyang,TOP3,石家庄,河北,North,Bi Huijun,Active,Active,2021/07/15,N,N,4.7.0.1,N,V176,H137|河北医科大学第三医院(中山院区)
351,T20050631,H129,H16700396805-129,GMU Affi. Guian Hosp,贵州省贵安医院,贵州贵安医院,280035,6.3,Win7,Liu Lin,TOP1,贵林,贵州,South,Huang xinkao,Inactive,NA,2021/08/16,N,N,NA,N,NA,H129|贵州省贵安医院
352,T20060639,H129,H16700396805-129,GMU Affi. Guian Hosp,贵州省贵安医院,贵州贵安医院,280035,6.3,Win7,Liu Lin,TOP2,贵林,贵州,South,Huang xinkao,Inactive,NA,2021/08/16,N,N,NA,N,NA,H129|贵州省贵安医院
353,T20060660,H138,H16700328155-138,Weiyuan County People's Hosp,威远县人民医院,威远人民医院,280035,6.3,Win7,Tang Yi,TOP1,内江,四川,South,Huang xinkao,Inactive,NA,9/9/2099,N,N,NA,N,NA,H138|威远县人民医院
354,T20060662,H138,H16700328155-138,Weiyuan County People's Hosp,威远县人民医院,威远人民医院,280035,6.3,Win7,Tang Yi,TOP2,内江,四川,South,Huang xinkao,Active,NA,2021/08/27,N,N,NA,N,V176,H138|威远县人民医院
,,,,,,,,,,,,,,,,,,,,,,,,
,,,,,,,,,,,,,,,,,,,,,,,,
,,,,,,,,,,,,,,,,,,,,,,,,
,,,,,,,,,,,,,,,,,,,,,,,,
,,,,,,,,,,,,,,,,,,,,,,,,
,,,,,,,,,,,,,,,,,,,,,,,,
,,,,,,,,,,,,,,,,,,,,,,,,
,,,,,,,,,,,,,,,,,,,,,,,,
,,,,,,,,,,,,,,,,,,,,,,,,
,,,,,,,,,,,,,,,,,,,,,,,,
,,,,,,,,,,,,,,,,,,,,,,,,
,,,,,,,,,,,,,,,,,,,,,,,,
,,,,,,,,,,,,,,,,,,,,,,,,
,,,,,,,,,,,,,,,,,,,,,,,,
,,,,,,,,,,,,,,,,,,,,,,,,
,,,,,,,,,,,,,,,,,,,,,,,,
,,,,,,,,,,,,,,,,,,,,,,,,
,,,,,,,,,,,,,,,,,,,,,,,,
,,,,,,,,,,,,,,,,,,,,,,,,
,,,,,,,,,,,,,,,,,,,,,,,,
,,,,,,,,,,,,,,,,,,,,,,,,
,,,,,,,,,,,,,,,,,,,,,,,,
,,,,,,,,,,,,,,,,,,,,,,,,
,,,,,,,,,,,,,,,,,,,,,,,,
,,,,,,,,,,,,,,,,,,,,,,,,
,,,,,,,,,,,,,,,,,,,,,,,,
,,,,,,,,,,,,,,,,,,,,,,,,
,,,,,,,,,,,,,,,,,,,,,,,,
,,,,,,,,,,,,,,,,,,,,,,,,
,,,,,,,,,,,,,,,,,,,,,,,,
,,,,,,,,,,,,,,,,,,,,,,,,
,,,,,,,,,,,,,,,,,,,,,,,,
,,,,,,,,,,,,,,,,,,,,,,,,
,,,,,,,,,,,,,,,,,,,,,,,,
,,,,,,,,,,,,,,,,,,,,,,,,
,,,,,,,,,,,,,,,,,,,,,,,,
,,,,,,,,,,,,,,,,,,,,,,,,
,,,,,,,,,,,,,,,,,,,,,,,,
,,,,,,,,,,,,,,,,,,,,,,,,
,,,,,,,,,,,,,,,,,,,,,,,,
,,,,,,,,,,,,,,,,,,,,,,,,
,,,,,,,,,,,,,,,,,,,,,,,,
,,,,,,,,,,,,,,,,,,,,,,,,
,,,,,,,,,,,,,,,,,,,,,,,,
,,,,,,,,,,,,,,,,,,,,,,,,
,,,,,,,,,,,,,,,,,,,,,,,,
,,,,,,,,,,,,,,,,,,,,,,,,
,,,,,,,,,,,,,,,,,,,,,,,,
,,,,,,,,,,,,,,,,,,,,,,,,
,,,,,,,,,,,,,,,,,,,,,,,,
,,,,,,,,,,,,,,,,,,,,,,,,
,,,,,,,,,,,,,,,,,,,,,,,,
,,,,,,,,,,,,,,,,,,,,,,,,
,,,,,,,,,,,,,,,,,,,,,,,,
,,,,,,,,,,,,,,,,,,,,,,,,
,,,,,,,,,,,,,,,,,,,,,,,,
,,,,,,,,,,,,,,,,,,,,,,,,
,,,,,,,,,,,,,,,,,,,,,,,,
,,,,,,,,,,,,,,,,,,,,,,,,
,,,,,,,,,,,,,,,,,,,,,,,,
,,,,,,,,,,,,,,,,,,,,,,,,
,,,,,,,,,,,,,,,,,,,,,,,,
,,,,,,,,,,,,,,,,,,,,,,,,
,,,,,,,,,,,,,,,,,,,,,,,,
,,,,,,,,,,,,,,,,,,,,,,,,
,,,,,,,,,,,,,,,,,,,,,,,,
,,,,,,,,,,,,,,,,,,,,,,,,
,,,,,,,,,,,,,,,,,,,,,,,,
,,,,,,,,,,,,,,,,,,,,,,,,
,,,,,,,,,,,,,,,,,,,,,,,,
,,,,,,,,,,,,,,,,,,,,,,,,
,,,,,,,,,,,,,,,,,,,,,,,,
,,,,,,,,,,,,,,,,,,,,,,,,
,,,,,,,,,,,,,,,,,,,,,,,,
,,,,,,,,,,,,,,,,,,,,,,,,
,,,,,,,,,,,,,,,,,,,,,,,,
,,,,,,,,,,,,,,,,,,,,,,,,
,,,,,,,,,,,,,,,,,,,,,,,,
,,,,,,,,,,,,,,,,,,,,,,,,
,,,,,,,,,,,,,,,,,,,,,,,,
,,,,,,,,,,,,,,,,,,,,,,,,
,,,,,,,,,,,,,,,,,,,,,,,,
,,,,,,,,,,,,,,,,,,,,,,,,
,,,,,,,,,,,,,,,,,,,,,,,,
,,,,,,,,,,,,,,,,,,,,,,,,
,,,,,,,,,,,,,,,,,,,,,,,,
,,,,,,,,,,,,,,,,,,,,,,,,
,,,,,,,,,,,,,,,,,,,,,,,,
,,,,,,,,,,,,,,,,,,,,,,,,
,,,,,,,,,,,,,,,,,,,,,,,,
,,,,,,,,,,,,,,,,,,,,,,,,
,,,,,,,,,,,,,,,,,,,,,,,,
,,,,,,,,,,,,,,,,,,,,,,,,
,,,,,,,,,,,,,,,,,,,,,,,,
,,,,,,,,,,,,,,,,,,,,,,,,
,,,,,,,,,,,,,,,,,,,,,,,,
,,,,,,,,,,,,,,,,,,,,,,,,
,,,,,,,,,,,,,,,,,,,,,,,,
,,,,,,,,,,,,,,,,,,,,,,,,
,,,,,,,,,,,,,,,,,,,,,,,,
,,,,,,,,,,,,,,,,,,,,,,,,
,,,,,,,,,,,,,,,,,,,,,,,,
,,,,,,,,,,,,,,,,,,,,,,,,
,,,,,,,,,,,,,,,,,,,,,,,,
,,,,,,,,,,,,,,,,,,,,,,,,
,,,,,,,,,,,,,,,,,,,,,,,,
,,,,,,,,,,,,,,,,,,,,,,,,
,,,,,,,,,,,,,,,,,,,,,,,,
,,,,,,,,,,,,,,,,,,,,,,,,
,,,,,,,,,,,,,,,,,,,,,,,,
,,,,,,,,,,,,,,,,,,,,,,,,
,,,,,,,,,,,,,,,,,,,,,,,,
,,,,,,,,,,,,,,,,,,,,,,,,
,,,,,,,,,,,,,,,,,,,,,,,,
,,,,,,,,,,,,,,,,,,,,,,,,
,,,,,,,,,,,,,,,,,,,,,,,,
,,,,,,,,,,,,,,,,,,,,,,,,
,,,,,,,,,,,,,,,,,,,,,,,,
,,,,,,,,,,,,,,,,,,,,,,,,
,,,,,,,,,,,,,,,,,,,,,,,,
,,,,,,,,,,,,,,,,,,,,,,,,
,,,,,,,,,,,,,,,,,,,,,,,,
,,,,,,,,,,,,,,,,,,,,,,,,
,,,,,,,,,,,,,,,,,,,,,,,,
,,,,,,,,,,,,,,,,,,,,,,,,
,,,,,,,,,,,,,,,,,,,,,,,,
,,,,,,,,,,,,,,,,,,,,,,,,
,,,,,,,,,,,,,,,,,,,,,,,,
,,,,,,,,,,,,,,,,,,,,,,,,
,,,,,,,,,,,,,,,,,,,,,,,,
,,,,,,,,,,,,,,,,,,,,,,,,
,,,,,,,,,,,,,,,,,,,,,,,,
,,,,,,,,,,,,,,,,,,,,,,,,
,,,,,,,,,,,,,,,,,,,,,,,,
,,,,,,,,,,,,,,,,,,,,,,,,
,,,,,,,,,,,,,,,,,,,,,,,,
,,,,,,,,,,,,,,,,,,,,,,,,
,,,,,,,,,,,,,,,,,,,,,,,,
,,,,,,,,,,,,,,,,,,,,,,,,
,,,,,,,,,,,,,,,,,,,,,,,,
,,,,,,,,,,,,,,,,,,,,,,,,
,,,,,,,,,,,,,,,,,,,,,,,,
,,,,,,,,,,,,,,,,,,,,,,,,
,,,,,,,,,,,,,,,,,,,,,,,,
,,,,,,,,,,,,,,,,,,,,,,,,
,,,,,,,,,,,,,,,,,,,,,,,,
,,,,,,,,,,,,,,,,,,,,,,,,
,,,,,,,,,,,,,,,,,,,,,,,,
,,,,,,,,,,,,,,,,,,,,,,,,
,,,,,,,,,,,,,,,,,,,,,,,,
,,,,,,,,,,,,,,,,,,,,,,,,
,,,,,,,,,,,,,,,,,,,,,,,,
,,,,,,,,,,,,,,,,,,,,,,,,
,,,,,,,,,,,,,,,,,,,,,,,,
,,,,,,,,,,,,,,,,,,,,,,,,
,,,,,,,,,,,,,,,,,,,,,,,,
,,,,,,,,,,,,,,,,,,,,,,,,
,,,,,,,,,,,,,,,,,,,,,,,,
,,,,,,,,,,,,,,,,,,,,,,,,
,,,,,,,,,,,,,,,,,,,,,,,,
,,,,,,,,,,,,,,,,,,,,,,,,
,,,,,,,,,,,,,,,,,,,,,,,,
,,,,,,,,,,,,,,,,,,,,,,,,
,,,,,,,,,,,,,,,,,,,,,,,,
,,,,,,,,,,,,,,,,,,,,,,,,
,,,,,,,,,,,,,,,,,,,,,,,,
,,,,,,,,,,,,,,,,,,,,,,,,
,,,,,,,,,,,,,,,,,,,,,,,,
,,,,,,,,,,,,,,,,,,,,,,,,
,,,,,,,,,,,,,,,,,,,,,,,,
,,,,,,,,,,,,,,,,,,,,,,,,
,,,,,,,,,,,,,,,,,,,,,,,,
,,,,,,,,,,,,,,,,,,,,,,,,
,,,,,,,,,,,,,,,,,,,,,,,,
,,,,,,,,,,,,,,,,,,,,,,,,
,,,,,,,,,,,,,,,,,,,,,,,,
,,,,,,,,,,,,,,,,,,,,,,,,
,,,,,,,,,,,,,,,,,,,,,,,,
,,,,,,,,,,,,,,,,,,,,,,,,
,,,,,,,,,,,,,,,,,,,,,,,,
,,,,,,,,,,,,,,,,,,,,,,,,
,,,,,,,,,,,,,,,,,,,,,,,,
,,,,,,,,,,,,,,,,,,,,,,,,
,,,,,,,,,,,,,,,,,,,,,,,,
,,,,,,,,,,,,,,,,,,,,,,,,
,,,,,,,,,,,,,,,,,,,,,,,,
,,,,,,,,,,,,,,,,,,,,,,,,
,,,,,,,,,,,,,,,,,,,,,,,,
,,,,,,,,,,,,,,,,,,,,,,,,
,,,,,,,,,,,,,,,,,,,,,,,,
,,,,,,,,,,,,,,,,,,,,,,,,
,,,,,,,,,,,,,,,,,,,,,,,,
,,,,,,,,,,,,,,,,,,,,,,,,
